variant_slug,base_slug,base_name,kind,class,slot,rarity,affix,combat_value,expected_socket_count,socket_shapes
ace-assassin-boots-1560401,ace-assassin-boots,Ace Assassin Boots,armor,Shadowstrix,Feet,Legendary,Aegis,525,2,"peridot2,agate"
ace-assassin-boots-1560402,ace-assassin-boots,Ace Assassin Boots,armor,Shadowstrix,Feet,Legendary,Ethereal,525,2,"amethyst2,peridot"
ace-assassin-boots-1560403,ace-assassin-boots,Ace Assassin Boots,armor,Shadowstrix,Feet,Legendary,Seeker,525,2,"agate2,amethyst"
ace-assassin-boots-1560404,ace-assassin-boots,Ace Assassin Boots,armor,Shadowstrix,Feet,Legendary,Fervor,525,2,"peridot2,agate"
ace-assassin-boots-1560405,ace-assassin-boots,Ace Assassin Boots,armor,Shadowstrix,Feet,Legendary,Smiting,525,2,"moonstone2,peridot"
ace-assassin-boots-1560406,ace-assassin-boots,Ace Assassin Boots,armor,Shadowstrix,Feet,Legendary,Elusive,525,2,"amethyst2,moonstone"
ace-assassin-boots-1560407,ace-assassin-boots,Ace Assassin Boots,armor,Shadowstrix,Feet,Legendary,Deft,525,2,"peridot2,amethyst"
ace-assassin-boots-1560408,ace-assassin-boots,Ace Assassin Boots,armor,Shadowstrix,Feet,Legendary,Base roll,500,3,"moonstone2,agate,peridot"
ace-assassin-boots-1560409,ace-assassin-boots,Ace Assassin Boots,armor,Shadowstrix,Feet,Legendary,Base roll,500,3,"amethyst2,moonstone,peridot"
ace-assassin-bracers-1360401,ace-assassin-bracers,Ace Assassin Bracers,armor,Shadowstrix,Hands,Legendary,Fervid,525,2,"moonstone2,peridot"
ace-assassin-bracers-1360402,ace-assassin-bracers,Ace Assassin Bracers,armor,Shadowstrix,Hands,Legendary,Seeker,525,2,"agate2,moonstone"
ace-assassin-bracers-1360403,ace-assassin-bracers,Ace Assassin Bracers,armor,Shadowstrix,Hands,Legendary,Fervor,525,2,"amethyst2,agate"
ace-assassin-bracers-1360404,ace-assassin-bracers,Ace Assassin Bracers,armor,Shadowstrix,Hands,Legendary,Deft,525,2,"peridot2,amethyst"
ace-assassin-bracers-1360405,ace-assassin-bracers,Ace Assassin Bracers,armor,Shadowstrix,Hands,Legendary,Blessing,525,2,"peridot2,agate"
ace-assassin-bracers-1360406,ace-assassin-bracers,Ace Assassin Bracers,armor,Shadowstrix,Hands,Legendary,Curse,525,2,"amethyst2,moonstone"
ace-assassin-bracers-1360407,ace-assassin-bracers,Ace Assassin Bracers,armor,Shadowstrix,Hands,Legendary,Wealth,525,2,"agate2,peridot"
ace-assassin-bracers-1360408,ace-assassin-bracers,Ace Assassin Bracers,armor,Shadowstrix,Hands,Legendary,Base roll,500,3,"agate2,amethyst,peridot"
ace-assassin-bracers-1360409,ace-assassin-bracers,Ace Assassin Bracers,armor,Shadowstrix,Hands,Legendary,Base roll,500,3,"peridot2,amethyst,agate"
ace-assassin-garb-1260401,ace-assassin-garb,Ace Assassin Garb,armor,Shadowstrix,Chest,Legendary,Aegis,525,2,"agate2,moonstone"
ace-assassin-garb-1260402,ace-assassin-garb,Ace Assassin Garb,armor,Shadowstrix,Chest,Legendary,Tenacious,525,2,"peridot2,amethyst"
ace-assassin-garb-1260403,ace-assassin-garb,Ace Assassin Garb,armor,Shadowstrix,Chest,Legendary,Iron Helmet,525,2,"amethyst2,peridot"
ace-assassin-garb-1260404,ace-assassin-garb,Ace Assassin Garb,armor,Shadowstrix,Chest,Legendary,Resilience,525,2,"agate2,peridot"
ace-assassin-garb-1260405,ace-assassin-garb,Ace Assassin Garb,armor,Shadowstrix,Chest,Legendary,Vitality,525,2,"moonstone2,amethyst"
ace-assassin-garb-1260406,ace-assassin-garb,Ace Assassin Garb,armor,Shadowstrix,Chest,Legendary,Curse,525,2,"agate2,moonstone"
ace-assassin-garb-1260407,ace-assassin-garb,Ace Assassin Garb,armor,Shadowstrix,Chest,Legendary,Wealth,525,2,"amethyst2,agate"
ace-assassin-garb-1260408,ace-assassin-garb,Ace Assassin Garb,armor,Shadowstrix,Chest,Legendary,Base roll,500,3,"peridot2,amethyst,moonstone"
ace-assassin-garb-1260409,ace-assassin-garb,Ace Assassin Garb,armor,Shadowstrix,Chest,Legendary,Base roll,500,3,"moonstone2,amethyst,peridot"
ace-assassin-mask-1160401,ace-assassin-mask,Ace Assassin Mask,armor,Shadowstrix,Head,Legendary,Aegis,525,2,"moonstone2,amethyst"
ace-assassin-mask-1160402,ace-assassin-mask,Ace Assassin Mask,armor,Shadowstrix,Head,Legendary,Tenacious,525,2,"peridot2,agate"
ace-assassin-mask-1160403,ace-assassin-mask,Ace Assassin Mask,armor,Shadowstrix,Head,Legendary,Iron Helmet,525,2,"peridot2,agate"
ace-assassin-mask-1160404,ace-assassin-mask,Ace Assassin Mask,armor,Shadowstrix,Head,Legendary,Fervor,525,2,"agate2,amethyst"
ace-assassin-mask-1160405,ace-assassin-mask,Ace Assassin Mask,armor,Shadowstrix,Head,Legendary,Elusive,525,2,"moonstone2,peridot"
ace-assassin-mask-1160406,ace-assassin-mask,Ace Assassin Mask,armor,Shadowstrix,Head,Legendary,Blessing,525,2,"amethyst2,moonstone"
ace-assassin-mask-1160407,ace-assassin-mask,Ace Assassin Mask,armor,Shadowstrix,Head,Legendary,Wealth,525,2,"moonstone2,amethyst"
ace-assassin-mask-1160408,ace-assassin-mask,Ace Assassin Mask,armor,Shadowstrix,Head,Legendary,Base roll,500,3,"peridot2,agate,moonstone"
ace-assassin-mask-1160409,ace-assassin-mask,Ace Assassin Mask,armor,Shadowstrix,Head,Legendary,Base roll,500,3,"amethyst2,agate,peridot"
ace-assassin-pants-1460401,ace-assassin-pants,Ace Assassin Pants,armor,Shadowstrix,Legs,Legendary,Aegis,525,2,"moonstone2,agate"
ace-assassin-pants-1460402,ace-assassin-pants,Ace Assassin Pants,armor,Shadowstrix,Legs,Legendary,Tenacious,525,2,"amethyst2,peridot"
ace-assassin-pants-1460403,ace-assassin-pants,Ace Assassin Pants,armor,Shadowstrix,Legs,Legendary,Iron Helmet,525,2,"agate2,moonstone"
ace-assassin-pants-1460404,ace-assassin-pants,Ace Assassin Pants,armor,Shadowstrix,Legs,Legendary,Fervid,525,2,"moonstone2,agate"
ace-assassin-pants-1460405,ace-assassin-pants,Ace Assassin Pants,armor,Shadowstrix,Legs,Legendary,Smiting,525,2,"peridot2,amethyst"
ace-assassin-pants-1460406,ace-assassin-pants,Ace Assassin Pants,armor,Shadowstrix,Legs,Legendary,Vitality,525,2,"amethyst2,peridot"
ace-assassin-pants-1460407,ace-assassin-pants,Ace Assassin Pants,armor,Shadowstrix,Legs,Legendary,Elusive,525,2,"amethyst2,peridot"
ace-assassin-pants-1460408,ace-assassin-pants,Ace Assassin Pants,armor,Shadowstrix,Legs,Legendary,Base roll,500,3,"agate2,amethyst,moonstone"
ace-assassin-pants-1460409,ace-assassin-pants,Ace Assassin Pants,armor,Shadowstrix,Legs,Legendary,Base roll,500,3,"moonstone2,agate,amethyst"
ancestral-blessing-ring-1760101,ancestral-blessing-ring,Ancestral Blessing Ring,armor,Any,Ring,Legendary,Base roll,500,3,"agate2,amethyst,moonstone"
ancestral-blessing-ring-1760102,ancestral-blessing-ring,Ancestral Blessing Ring,armor,Any,Ring,Legendary,Base roll,500,3,"amethyst2,agate,peridot"
ancestral-blessing-ring-1760103,ancestral-blessing-ring,Ancestral Blessing Ring,armor,Any,Ring,Legendary,Base roll,500,3,"universal,agate,amethyst"
apprentice-boots-1520201,apprentice-boots,Apprentice Boots,armor,"Sorcerer, Seer",Feet,Common,Base roll,200,,
apprentice-bracers-1320201,apprentice-bracers,Apprentice Bracers,armor,"Sorcerer, Seer",Hands,Common,Base roll,200,,
apprentice-hood-1120201,apprentice-hood,Apprentice Hood,armor,"Sorcerer, Seer",Head,Common,Base roll,200,,
apprentice-pants-1420201,apprentice-pants,Apprentice Pants,armor,"Sorcerer, Seer",Legs,Common,Base roll,200,,
apprentice-robe-1220201,apprentice-robe,Apprentice Robe,armor,"Sorcerer, Seer",Chest,Common,Base roll,200,,
artisans-bracers-1320301,artisans-bracers,Artisan's Bracers,armor,"Blackarrow, Shadowstrix",Hands,Common,Base roll,200,,
artisans-eyepatch-1120301,artisans-eyepatch,Artisan's Eyepatch,armor,"Blackarrow, Shadowstrix",Head,Common,Base roll,200,,
artisans-leather-boots-1520301,artisans-leather-boots,Artisan's Leather Boots,armor,"Blackarrow, Shadowstrix",Feet,Common,Base roll,200,,
artisans-pants-1420301,artisans-pants,Artisan's Pants,armor,"Blackarrow, Shadowstrix",Legs,Common,Base roll,200,,
artisans-vest-1220301,artisans-vest,Artisan's Vest,armor,"Blackarrow, Shadowstrix",Chest,Common,Base roll,200,,
beak-necklace-1630201,beak-necklace,Beak Necklace,armor,Any,Necklace,Rare,Base roll,275,1,moonstone
beak-necklace-1630202,beak-necklace,Beak Necklace,armor,Any,Necklace,Rare,Base roll,275,1,peridot
beak-necklace-1630203,beak-necklace,Beak Necklace,armor,Any,Necklace,Rare,Base roll,275,1,universal
benediction-amulet-1640101,benediction-amulet,Benediction Amulet,armor,Any,Necklace,Excellent,Base roll,350,2,"agate,moonstone"
benediction-amulet-1640102,benediction-amulet,Benediction Amulet,armor,Any,Necklace,Excellent,Base roll,350,2,"amethyst,peridot"
benediction-amulet-1640103,benediction-amulet,Benediction Amulet,armor,Any,Necklace,Excellent,Base roll,350,2,"universal,agate"
black-iris-bracers-1350601,black-iris-bracers,Black Iris Bracers,armor,Withered Knight,Hands,Epic,Aegis,450,1,
black-iris-bracers-1350602,black-iris-bracers,Black Iris Bracers,armor,Withered Knight,Hands,Epic,Wrath,450,1,
black-iris-bracers-1350603,black-iris-bracers,Black Iris Bracers,armor,Withered Knight,Hands,Epic,Burst,450,1,
black-iris-bracers-1350604,black-iris-bracers,Black Iris Bracers,armor,Withered Knight,Hands,Epic,Fervid,450,1,
black-iris-bracers-1350605,black-iris-bracers,Black Iris Bracers,armor,Withered Knight,Hands,Epic,Elusive,450,1,
black-iris-bracers-1350606,black-iris-bracers,Black Iris Bracers,armor,Withered Knight,Hands,Epic,Deft,450,1,
black-iris-bracers-1350607,black-iris-bracers,Black Iris Bracers,armor,Withered Knight,Hands,Epic,Wealth,450,1,
black-iris-bracers-1350608,black-iris-bracers,Black Iris Bracers,armor,Withered Knight,Hands,Epic,Base roll,425,2,
black-iris-bracers-1350609,black-iris-bracers,Black Iris Bracers,armor,Withered Knight,Hands,Epic,Base roll,425,2,
black-iris-breastplate-1250601,black-iris-breastplate,Black Iris Breastplate,armor,Withered Knight,Chest,Epic,Aegis,450,1,
black-iris-breastplate-1250602,black-iris-breastplate,Black Iris Breastplate,armor,Withered Knight,Chest,Epic,Distant Ward,450,1,
black-iris-breastplate-1250603,black-iris-breastplate,Black Iris Breastplate,armor,Withered Knight,Chest,Epic,Iron Helmet,450,1,
black-iris-breastplate-1250604,black-iris-breastplate,Black Iris Breastplate,armor,Withered Knight,Chest,Epic,Stoic,450,1,
black-iris-breastplate-1250605,black-iris-breastplate,Black Iris Breastplate,armor,Withered Knight,Chest,Epic,Fervid,450,1,
black-iris-breastplate-1250606,black-iris-breastplate,Black Iris Breastplate,armor,Withered Knight,Chest,Epic,Fervor,450,1,
black-iris-breastplate-1250607,black-iris-breastplate,Black Iris Breastplate,armor,Withered Knight,Chest,Epic,Vitality,450,1,
black-iris-breastplate-1250608,black-iris-breastplate,Black Iris Breastplate,armor,Withered Knight,Chest,Epic,Base roll,425,2,
black-iris-breastplate-1250609,black-iris-breastplate,Black Iris Breastplate,armor,Withered Knight,Chest,Epic,Base roll,425,2,
black-iris-breeches-1450601,black-iris-breeches,Black Iris Breeches,armor,Withered Knight,Legs,Epic,Tenacious,450,1,
black-iris-breeches-1450602,black-iris-breeches,Black Iris Breeches,armor,Withered Knight,Legs,Epic,Iron Helmet,450,1,
black-iris-breeches-1450603,black-iris-breeches,Black Iris Breeches,armor,Withered Knight,Legs,Epic,Stoic,450,1,
black-iris-breeches-1450604,black-iris-breeches,Black Iris Breeches,armor,Withered Knight,Legs,Epic,Fervid,450,1,
black-iris-breeches-1450605,black-iris-breeches,Black Iris Breeches,armor,Withered Knight,Legs,Epic,Fervor,450,1,
black-iris-breeches-1450606,black-iris-breeches,Black Iris Breeches,armor,Withered Knight,Legs,Epic,Elusive,450,1,
black-iris-breeches-1450607,black-iris-breeches,Black Iris Breeches,armor,Withered Knight,Legs,Epic,Curse,450,1,
black-iris-breeches-1450608,black-iris-breeches,Black Iris Breeches,armor,Withered Knight,Legs,Epic,Base roll,425,2,
black-iris-breeches-1450609,black-iris-breeches,Black Iris Breeches,armor,Withered Knight,Legs,Epic,Base roll,425,2,
black-iris-helmet-1150601,black-iris-helmet,Black Iris Helmet,armor,Withered Knight,Head,Epic,Aegis,450,1,
black-iris-helmet-1150602,black-iris-helmet,Black Iris Helmet,armor,Withered Knight,Head,Epic,Iron Helmet,450,1,
black-iris-helmet-1150603,black-iris-helmet,Black Iris Helmet,armor,Withered Knight,Head,Epic,Wrath,450,1,
black-iris-helmet-1150604,black-iris-helmet,Black Iris Helmet,armor,Withered Knight,Head,Epic,Resilience,450,1,
black-iris-helmet-1150605,black-iris-helmet,Black Iris Helmet,armor,Withered Knight,Head,Epic,Smiting,450,1,
black-iris-helmet-1150606,black-iris-helmet,Black Iris Helmet,armor,Withered Knight,Head,Epic,Curse,450,1,
black-iris-helmet-1150607,black-iris-helmet,Black Iris Helmet,armor,Withered Knight,Head,Epic,Wealth,450,1,
black-iris-helmet-1150608,black-iris-helmet,Black Iris Helmet,armor,Withered Knight,Head,Epic,Base roll,425,2,
black-iris-helmet-1150609,black-iris-helmet,Black Iris Helmet,armor,Withered Knight,Head,Epic,Base roll,425,2,
black-iris-sabatons-1550601,black-iris-sabatons,Black Iris Sabatons,armor,Withered Knight,Feet,Epic,Tenacious,450,1,
black-iris-sabatons-1550602,black-iris-sabatons,Black Iris Sabatons,armor,Withered Knight,Feet,Epic,Ethereal,450,1,
black-iris-sabatons-1550603,black-iris-sabatons,Black Iris Sabatons,armor,Withered Knight,Feet,Epic,Stoic,450,1,
black-iris-sabatons-1550604,black-iris-sabatons,Black Iris Sabatons,armor,Withered Knight,Feet,Epic,Wrath,450,1,
black-iris-sabatons-1550605,black-iris-sabatons,Black Iris Sabatons,armor,Withered Knight,Feet,Epic,Burst,450,1,
black-iris-sabatons-1550606,black-iris-sabatons,Black Iris Sabatons,armor,Withered Knight,Feet,Epic,Smiting,450,1,
black-iris-sabatons-1550607,black-iris-sabatons,Black Iris Sabatons,armor,Withered Knight,Feet,Epic,Vitality,450,1,
black-iris-sabatons-1550608,black-iris-sabatons,Black Iris Sabatons,armor,Withered Knight,Feet,Epic,Base roll,425,2,
black-iris-sabatons-1550609,black-iris-sabatons,Black Iris Sabatons,armor,Withered Knight,Feet,Epic,Base roll,425,2,
bloodborn-amulet-1640201,bloodborn-amulet,Bloodborn Amulet,armor,Any,Necklace,Excellent,Base roll,350,2,"agate,peridot"
bloodborn-amulet-1640202,bloodborn-amulet,Bloodborn Amulet,armor,Any,Necklace,Excellent,Base roll,350,2,"amethyst,moonstone"
bloodborn-amulet-1640203,bloodborn-amulet,Bloodborn Amulet,armor,Any,Necklace,Excellent,Base roll,350,2,"universal,amethyst"
bloodwrath-general-armor-1250101,bloodwrath-general-armor,Bloodwrath General Armor,armor,Mercenary,Chest,Epic,Aegis,450,1,
bloodwrath-general-armor-1250102,bloodwrath-general-armor,Bloodwrath General Armor,armor,Mercenary,Chest,Epic,Tenacious,450,1,
bloodwrath-general-armor-1250103,bloodwrath-general-armor,Bloodwrath General Armor,armor,Mercenary,Chest,Epic,Bulwark,450,1,
bloodwrath-general-armor-1250104,bloodwrath-general-armor,Bloodwrath General Armor,armor,Mercenary,Chest,Epic,Iron Helmet,450,1,
bloodwrath-general-armor-1250105,bloodwrath-general-armor,Bloodwrath General Armor,armor,Mercenary,Chest,Epic,Blessing,450,1,
bloodwrath-general-armor-1250106,bloodwrath-general-armor,Bloodwrath General Armor,armor,Mercenary,Chest,Epic,Wrath,450,1,
bloodwrath-general-armor-1250107,bloodwrath-general-armor,Bloodwrath General Armor,armor,Mercenary,Chest,Epic,Focused,450,1,
bloodwrath-general-armor-1250108,bloodwrath-general-armor,Bloodwrath General Armor,armor,Mercenary,Chest,Epic,Base roll,425,2,
bloodwrath-general-armor-1250109,bloodwrath-general-armor,Bloodwrath General Armor,armor,Mercenary,Chest,Epic,Base roll,425,2,
bloodwrath-general-bracers-1350101,bloodwrath-general-bracers,Bloodwrath General Bracers,armor,Mercenary,Hands,Epic,Wealth,450,1,
bloodwrath-general-bracers-1350102,bloodwrath-general-bracers,Bloodwrath General Bracers,armor,Mercenary,Hands,Epic,Wrath,450,1,
bloodwrath-general-bracers-1350103,bloodwrath-general-bracers,Bloodwrath General Bracers,armor,Mercenary,Hands,Epic,Resilience,450,1,
bloodwrath-general-bracers-1350104,bloodwrath-general-bracers,Bloodwrath General Bracers,armor,Mercenary,Hands,Epic,Smiting,450,1,
bloodwrath-general-bracers-1350105,bloodwrath-general-bracers,Bloodwrath General Bracers,armor,Mercenary,Hands,Epic,Vitality,450,1,
bloodwrath-general-bracers-1350106,bloodwrath-general-bracers,Bloodwrath General Bracers,armor,Mercenary,Hands,Epic,Deft,450,1,
bloodwrath-general-bracers-1350107,bloodwrath-general-bracers,Bloodwrath General Bracers,armor,Mercenary,Hands,Epic,Focused,450,1,
bloodwrath-general-bracers-1350108,bloodwrath-general-bracers,Bloodwrath General Bracers,armor,Mercenary,Hands,Epic,Base roll,425,2,
bloodwrath-general-bracers-1350109,bloodwrath-general-bracers,Bloodwrath General Bracers,armor,Mercenary,Hands,Epic,Base roll,425,2,
bloodwrath-general-greaves-1550101,bloodwrath-general-greaves,Bloodwrath General Greaves,armor,Mercenary,Feet,Epic,Stoic,450,1,
bloodwrath-general-greaves-1550102,bloodwrath-general-greaves,Bloodwrath General Greaves,armor,Mercenary,Feet,Epic,Ethereal,450,1,
bloodwrath-general-greaves-1550103,bloodwrath-general-greaves,Bloodwrath General Greaves,armor,Mercenary,Feet,Epic,Wrath,450,1,
bloodwrath-general-greaves-1550104,bloodwrath-general-greaves,Bloodwrath General Greaves,armor,Mercenary,Feet,Epic,Unyielding,450,1,
bloodwrath-general-greaves-1550105,bloodwrath-general-greaves,Bloodwrath General Greaves,armor,Mercenary,Feet,Epic,Vitality,450,1,
bloodwrath-general-greaves-1550106,bloodwrath-general-greaves,Bloodwrath General Greaves,armor,Mercenary,Feet,Epic,Elusive,450,1,
bloodwrath-general-greaves-1550107,bloodwrath-general-greaves,Bloodwrath General Greaves,armor,Mercenary,Feet,Epic,Focused,450,1,
bloodwrath-general-greaves-1550108,bloodwrath-general-greaves,Bloodwrath General Greaves,armor,Mercenary,Feet,Epic,Base roll,425,2,
bloodwrath-general-greaves-1550109,bloodwrath-general-greaves,Bloodwrath General Greaves,armor,Mercenary,Feet,Epic,Base roll,425,2,
bloodwrath-general-helmet-1150101,bloodwrath-general-helmet,Bloodwrath General Helmet,armor,Mercenary,Head,Epic,Aegis,450,1,
bloodwrath-general-helmet-1150102,bloodwrath-general-helmet,Bloodwrath General Helmet,armor,Mercenary,Head,Epic,Tenacious,450,1,
bloodwrath-general-helmet-1150103,bloodwrath-general-helmet,Bloodwrath General Helmet,armor,Mercenary,Head,Epic,Bulwark,450,1,
bloodwrath-general-helmet-1150104,bloodwrath-general-helmet,Bloodwrath General Helmet,armor,Mercenary,Head,Epic,Resilience,450,1,
bloodwrath-general-helmet-1150105,bloodwrath-general-helmet,Bloodwrath General Helmet,armor,Mercenary,Head,Epic,Stoic,450,1,
bloodwrath-general-helmet-1150106,bloodwrath-general-helmet,Bloodwrath General Helmet,armor,Mercenary,Head,Epic,Brotherhood,450,1,
bloodwrath-general-helmet-1150107,bloodwrath-general-helmet,Bloodwrath General Helmet,armor,Mercenary,Head,Epic,Seeker,450,1,
bloodwrath-general-helmet-1150108,bloodwrath-general-helmet,Bloodwrath General Helmet,armor,Mercenary,Head,Epic,Base roll,425,2,
bloodwrath-general-helmet-1150109,bloodwrath-general-helmet,Bloodwrath General Helmet,armor,Mercenary,Head,Epic,Base roll,425,2,
bloodwrath-general-pants-1450101,bloodwrath-general-pants,Bloodwrath General Pants,armor,Mercenary,Legs,Epic,Aegis,450,1,
bloodwrath-general-pants-1450102,bloodwrath-general-pants,Bloodwrath General Pants,armor,Mercenary,Legs,Epic,Tenacious,450,1,
bloodwrath-general-pants-1450103,bloodwrath-general-pants,Bloodwrath General Pants,armor,Mercenary,Legs,Epic,Bulwark,450,1,
bloodwrath-general-pants-1450104,bloodwrath-general-pants,Bloodwrath General Pants,armor,Mercenary,Legs,Epic,Iron Helmet,450,1,
bloodwrath-general-pants-1450105,bloodwrath-general-pants,Bloodwrath General Pants,armor,Mercenary,Legs,Epic,Stoic,450,1,
bloodwrath-general-pants-1450106,bloodwrath-general-pants,Bloodwrath General Pants,armor,Mercenary,Legs,Epic,Distant Ward,450,1,
bloodwrath-general-pants-1450107,bloodwrath-general-pants,Bloodwrath General Pants,armor,Mercenary,Legs,Epic,Elusive,450,1,
bloodwrath-general-pants-1450108,bloodwrath-general-pants,Bloodwrath General Pants,armor,Mercenary,Legs,Epic,Base roll,425,2,
bloodwrath-general-pants-1450109,bloodwrath-general-pants,Bloodwrath General Pants,armor,Mercenary,Legs,Epic,Base roll,425,2,
brass-necklace-1620201,brass-necklace,Brass Necklace,armor,Any,Necklace,Common,Base roll,200,,
carved-amulet-1620101,carved-amulet,Carved Amulet,armor,Any,Necklace,Common,Base roll,200,,
ceremonial-bracers-1330601,ceremonial-bracers,Ceremonial Bracers,armor,Withered Knight,Hands,Rare,Aegis,300,0,
ceremonial-bracers-1330602,ceremonial-bracers,Ceremonial Bracers,armor,Withered Knight,Hands,Rare,Wrath,300,0,
ceremonial-bracers-1330603,ceremonial-bracers,Ceremonial Bracers,armor,Withered Knight,Hands,Rare,Burst,300,0,
ceremonial-bracers-1330604,ceremonial-bracers,Ceremonial Bracers,armor,Withered Knight,Hands,Rare,Fervid,300,0,
ceremonial-bracers-1330605,ceremonial-bracers,Ceremonial Bracers,armor,Withered Knight,Hands,Rare,Elusive,300,0,
ceremonial-bracers-1330606,ceremonial-bracers,Ceremonial Bracers,armor,Withered Knight,Hands,Rare,Deft,300,0,
ceremonial-bracers-1330607,ceremonial-bracers,Ceremonial Bracers,armor,Withered Knight,Hands,Rare,Wealth,300,0,
ceremonial-bracers-1330608,ceremonial-bracers,Ceremonial Bracers,armor,Withered Knight,Hands,Rare,Base roll,275,1,
ceremonial-bracers-1330609,ceremonial-bracers,Ceremonial Bracers,armor,Withered Knight,Hands,Rare,Base roll,275,1,
ceremonial-breastplate-1230601,ceremonial-breastplate,Ceremonial Breastplate,armor,Withered Knight,Chest,Rare,Aegis,300,0,
ceremonial-breastplate-1230602,ceremonial-breastplate,Ceremonial Breastplate,armor,Withered Knight,Chest,Rare,Distant Ward,300,0,
ceremonial-breastplate-1230603,ceremonial-breastplate,Ceremonial Breastplate,armor,Withered Knight,Chest,Rare,Iron Helmet,300,0,
ceremonial-breastplate-1230604,ceremonial-breastplate,Ceremonial Breastplate,armor,Withered Knight,Chest,Rare,Stoic,300,0,
ceremonial-breastplate-1230605,ceremonial-breastplate,Ceremonial Breastplate,armor,Withered Knight,Chest,Rare,Fervid,300,0,
ceremonial-breastplate-1230606,ceremonial-breastplate,Ceremonial Breastplate,armor,Withered Knight,Chest,Rare,Fervor,300,0,
ceremonial-breastplate-1230607,ceremonial-breastplate,Ceremonial Breastplate,armor,Withered Knight,Chest,Rare,Vitality,300,0,
ceremonial-breastplate-1230608,ceremonial-breastplate,Ceremonial Breastplate,armor,Withered Knight,Chest,Rare,Base roll,275,1,
ceremonial-breastplate-1230609,ceremonial-breastplate,Ceremonial Breastplate,armor,Withered Knight,Chest,Rare,Base roll,275,1,
ceremonial-breeches-1430601,ceremonial-breeches,Ceremonial Breeches,armor,Withered Knight,Legs,Rare,Tenacious,300,0,
ceremonial-breeches-1430602,ceremonial-breeches,Ceremonial Breeches,armor,Withered Knight,Legs,Rare,Iron Helmet,300,0,
ceremonial-breeches-1430603,ceremonial-breeches,Ceremonial Breeches,armor,Withered Knight,Legs,Rare,Stoic,300,0,
ceremonial-breeches-1430604,ceremonial-breeches,Ceremonial Breeches,armor,Withered Knight,Legs,Rare,Fervid,300,0,
ceremonial-breeches-1430605,ceremonial-breeches,Ceremonial Breeches,armor,Withered Knight,Legs,Rare,Fervor,300,0,
ceremonial-breeches-1430606,ceremonial-breeches,Ceremonial Breeches,armor,Withered Knight,Legs,Rare,Elusive,300,0,
ceremonial-breeches-1430607,ceremonial-breeches,Ceremonial Breeches,armor,Withered Knight,Legs,Rare,Curse,300,0,
ceremonial-breeches-1430608,ceremonial-breeches,Ceremonial Breeches,armor,Withered Knight,Legs,Rare,Base roll,275,1,
ceremonial-breeches-1430609,ceremonial-breeches,Ceremonial Breeches,armor,Withered Knight,Legs,Rare,Base roll,275,1,
ceremonial-helmet-1130601,ceremonial-helmet,Ceremonial Helmet,armor,Withered Knight,Head,Rare,Aegis,300,0,
ceremonial-helmet-1130602,ceremonial-helmet,Ceremonial Helmet,armor,Withered Knight,Head,Rare,Iron Helmet,300,0,
ceremonial-helmet-1130603,ceremonial-helmet,Ceremonial Helmet,armor,Withered Knight,Head,Rare,Wrath,300,0,
ceremonial-helmet-1130604,ceremonial-helmet,Ceremonial Helmet,armor,Withered Knight,Head,Rare,Resilience,300,0,
ceremonial-helmet-1130605,ceremonial-helmet,Ceremonial Helmet,armor,Withered Knight,Head,Rare,Smiting,300,0,
ceremonial-helmet-1130606,ceremonial-helmet,Ceremonial Helmet,armor,Withered Knight,Head,Rare,Curse,300,0,
ceremonial-helmet-1130607,ceremonial-helmet,Ceremonial Helmet,armor,Withered Knight,Head,Rare,Wealth,300,0,
ceremonial-helmet-1130608,ceremonial-helmet,Ceremonial Helmet,armor,Withered Knight,Head,Rare,Base roll,275,1,
ceremonial-helmet-1130609,ceremonial-helmet,Ceremonial Helmet,armor,Withered Knight,Head,Rare,Base roll,275,1,
ceremonial-sabatons-1530601,ceremonial-sabatons,Ceremonial Sabatons,armor,Withered Knight,Feet,Rare,Tenacious,300,0,
ceremonial-sabatons-1530602,ceremonial-sabatons,Ceremonial Sabatons,armor,Withered Knight,Feet,Rare,Ethereal,300,0,
ceremonial-sabatons-1530603,ceremonial-sabatons,Ceremonial Sabatons,armor,Withered Knight,Feet,Rare,Stoic,300,0,
ceremonial-sabatons-1530604,ceremonial-sabatons,Ceremonial Sabatons,armor,Withered Knight,Feet,Rare,Wrath,300,0,
ceremonial-sabatons-1530605,ceremonial-sabatons,Ceremonial Sabatons,armor,Withered Knight,Feet,Rare,Burst,300,0,
ceremonial-sabatons-1530606,ceremonial-sabatons,Ceremonial Sabatons,armor,Withered Knight,Feet,Rare,Smiting,300,0,
ceremonial-sabatons-1530607,ceremonial-sabatons,Ceremonial Sabatons,armor,Withered Knight,Feet,Rare,Vitality,300,0,
ceremonial-sabatons-1530608,ceremonial-sabatons,Ceremonial Sabatons,armor,Withered Knight,Feet,Rare,Base roll,275,1,
ceremonial-sabatons-1530609,ceremonial-sabatons,Ceremonial Sabatons,armor,Withered Knight,Feet,Rare,Base roll,275,1,
champions-armor-1260101,champions-armor,Champion's Armor,armor,Mercenary,Chest,Legendary,Aegis,525,2,
champions-armor-1260102,champions-armor,Champion's Armor,armor,Mercenary,Chest,Legendary,Tenacious,525,2,
champions-armor-1260103,champions-armor,Champion's Armor,armor,Mercenary,Chest,Legendary,Bulwark,525,2,
champions-armor-1260104,champions-armor,Champion's Armor,armor,Mercenary,Chest,Legendary,Iron Helmet,525,2,
champions-armor-1260105,champions-armor,Champion's Armor,armor,Mercenary,Chest,Legendary,Blessing,525,2,
champions-armor-1260106,champions-armor,Champion's Armor,armor,Mercenary,Chest,Legendary,Wrath,525,2,
champions-armor-1260107,champions-armor,Champion's Armor,armor,Mercenary,Chest,Legendary,Focused,525,2,
champions-armor-1260108,champions-armor,Champion's Armor,armor,Mercenary,Chest,Legendary,Base roll,500,3,
champions-armor-1260109,champions-armor,Champion's Armor,armor,Mercenary,Chest,Legendary,Base roll,500,3,
champions-boots-1560101,champions-boots,Champion's Boots,armor,Mercenary,Feet,Legendary,Stoic,525,2,
champions-boots-1560102,champions-boots,Champion's Boots,armor,Mercenary,Feet,Legendary,Ethereal,525,2,
champions-boots-1560103,champions-boots,Champion's Boots,armor,Mercenary,Feet,Legendary,Wrath,525,2,
champions-boots-1560104,champions-boots,Champion's Boots,armor,Mercenary,Feet,Legendary,Unyielding,525,2,
champions-boots-1560105,champions-boots,Champion's Boots,armor,Mercenary,Feet,Legendary,Vitality,525,2,
champions-boots-1560106,champions-boots,Champion's Boots,armor,Mercenary,Feet,Legendary,Elusive,525,2,
champions-boots-1560107,champions-boots,Champion's Boots,armor,Mercenary,Feet,Legendary,Focused,525,2,
champions-boots-1560108,champions-boots,Champion's Boots,armor,Mercenary,Feet,Legendary,Base roll,500,3,
champions-boots-1560109,champions-boots,Champion's Boots,armor,Mercenary,Feet,Legendary,Base roll,500,3,
champions-bracers-1360101,champions-bracers,Champion's Bracers,armor,Mercenary,Hands,Legendary,Wealth,525,2,
champions-bracers-1360102,champions-bracers,Champion's Bracers,armor,Mercenary,Hands,Legendary,Wrath,525,2,
champions-bracers-1360103,champions-bracers,Champion's Bracers,armor,Mercenary,Hands,Legendary,Resilience,525,2,
champions-bracers-1360104,champions-bracers,Champion's Bracers,armor,Mercenary,Hands,Legendary,Smiting,525,2,
champions-bracers-1360105,champions-bracers,Champion's Bracers,armor,Mercenary,Hands,Legendary,Vitality,525,2,
champions-bracers-1360106,champions-bracers,Champion's Bracers,armor,Mercenary,Hands,Legendary,Deft,525,2,
champions-bracers-1360107,champions-bracers,Champion's Bracers,armor,Mercenary,Hands,Legendary,Focused,525,2,
champions-bracers-1360108,champions-bracers,Champion's Bracers,armor,Mercenary,Hands,Legendary,Base roll,500,3,
champions-bracers-1360109,champions-bracers,Champion's Bracers,armor,Mercenary,Hands,Legendary,Base roll,500,3,
champions-helmet-1160101,champions-helmet,Champion's Helmet,armor,Mercenary,Head,Legendary,Aegis,525,2,
champions-helmet-1160102,champions-helmet,Champion's Helmet,armor,Mercenary,Head,Legendary,Tenacious,525,2,
champions-helmet-1160103,champions-helmet,Champion's Helmet,armor,Mercenary,Head,Legendary,Bulwark,525,2,
champions-helmet-1160104,champions-helmet,Champion's Helmet,armor,Mercenary,Head,Legendary,Resilience,525,2,
champions-helmet-1160105,champions-helmet,Champion's Helmet,armor,Mercenary,Head,Legendary,Stoic,525,2,
champions-helmet-1160106,champions-helmet,Champion's Helmet,armor,Mercenary,Head,Legendary,Brotherhood,525,2,
champions-helmet-1160107,champions-helmet,Champion's Helmet,armor,Mercenary,Head,Legendary,Seeker,525,2,
champions-helmet-1160108,champions-helmet,Champion's Helmet,armor,Mercenary,Head,Legendary,Base roll,500,3,
champions-helmet-1160109,champions-helmet,Champion's Helmet,armor,Mercenary,Head,Legendary,Base roll,500,3,
champions-pants-1460101,champions-pants,Champion's Pants,armor,Mercenary,Legs,Legendary,Aegis,525,2,
champions-pants-1460102,champions-pants,Champion's Pants,armor,Mercenary,Legs,Legendary,Tenacious,525,2,
champions-pants-1460103,champions-pants,Champion's Pants,armor,Mercenary,Legs,Legendary,Bulwark,525,2,
champions-pants-1460104,champions-pants,Champion's Pants,armor,Mercenary,Legs,Legendary,Iron Helmet,525,2,
champions-pants-1460105,champions-pants,Champion's Pants,armor,Mercenary,Legs,Legendary,Stoic,525,2,
champions-pants-1460106,champions-pants,Champion's Pants,armor,Mercenary,Legs,Legendary,Distant Ward,525,2,
champions-pants-1460107,champions-pants,Champion's Pants,armor,Mercenary,Legs,Legendary,Elusive,525,2,
champions-pants-1460108,champions-pants,Champion's Pants,armor,Mercenary,Legs,Legendary,Base roll,500,3,
champions-pants-1460109,champions-pants,Champion's Pants,armor,Mercenary,Legs,Legendary,Base roll,500,3,
commander-seal-ring-1750301,commander-seal-ring,Commander Seal Ring,armor,Any,Ring,Epic,Base roll,425,2,"agate2,moonstone"
commander-seal-ring-1750302,commander-seal-ring,Commander Seal Ring,armor,Any,Ring,Epic,Base roll,425,2,"amethyst2,peridot"
commander-seal-ring-1750303,commander-seal-ring,Commander Seal Ring,armor,Any,Ring,Epic,Base roll,425,2,"universal2,moonstone"
crude-recruit-armor-1210101,crude-recruit-armor,Crude Recruit Armor,armor,"Mercenary, Withered Knight",Chest,Damaged,Base roll,100,,
crude-recruit-boots-1510101,crude-recruit-boots,Crude Recruit Boots,armor,"Mercenary, Withered Knight",Feet,Damaged,Base roll,100,,
crude-recruit-bracers-1310101,crude-recruit-bracers,Crude Recruit Bracers,armor,"Mercenary, Withered Knight",Hands,Damaged,Base roll,100,,
crude-recruit-helmet-1110101,crude-recruit-helmet,Crude Recruit Helmet,armor,"Mercenary, Withered Knight",Head,Damaged,Base roll,100,,
crude-recruit-pants-1410101,crude-recruit-pants,Crude Recruit Pants,armor,"Mercenary, Withered Knight",Legs,Damaged,Base roll,100,,
crusade-bracers-1340601,crusade-bracers,Crusade Bracers,armor,Withered Knight,Hands,Excellent,Aegis,375,1,
crusade-bracers-1340602,crusade-bracers,Crusade Bracers,armor,Withered Knight,Hands,Excellent,Wrath,375,1,
crusade-bracers-1340603,crusade-bracers,Crusade Bracers,armor,Withered Knight,Hands,Excellent,Burst,375,1,
crusade-bracers-1340604,crusade-bracers,Crusade Bracers,armor,Withered Knight,Hands,Excellent,Fervid,375,1,
crusade-bracers-1340605,crusade-bracers,Crusade Bracers,armor,Withered Knight,Hands,Excellent,Elusive,375,1,
crusade-bracers-1340606,crusade-bracers,Crusade Bracers,armor,Withered Knight,Hands,Excellent,Deft,375,1,
crusade-bracers-1340607,crusade-bracers,Crusade Bracers,armor,Withered Knight,Hands,Excellent,Wealth,375,1,
crusade-bracers-1340608,crusade-bracers,Crusade Bracers,armor,Withered Knight,Hands,Excellent,Base roll,350,2,
crusade-bracers-1340609,crusade-bracers,Crusade Bracers,armor,Withered Knight,Hands,Excellent,Base roll,350,2,
crusade-breastplate-1240601,crusade-breastplate,Crusade Breastplate,armor,Withered Knight,Chest,Excellent,Aegis,375,1,
crusade-breastplate-1240602,crusade-breastplate,Crusade Breastplate,armor,Withered Knight,Chest,Excellent,Distant Ward,375,1,
crusade-breastplate-1240603,crusade-breastplate,Crusade Breastplate,armor,Withered Knight,Chest,Excellent,Iron Helmet,375,1,
crusade-breastplate-1240604,crusade-breastplate,Crusade Breastplate,armor,Withered Knight,Chest,Excellent,Stoic,375,1,
crusade-breastplate-1240605,crusade-breastplate,Crusade Breastplate,armor,Withered Knight,Chest,Excellent,Fervid,375,1,
crusade-breastplate-1240606,crusade-breastplate,Crusade Breastplate,armor,Withered Knight,Chest,Excellent,Fervor,375,1,
crusade-breastplate-1240607,crusade-breastplate,Crusade Breastplate,armor,Withered Knight,Chest,Excellent,Vitality,375,1,
crusade-breastplate-1240608,crusade-breastplate,Crusade Breastplate,armor,Withered Knight,Chest,Excellent,Base roll,350,2,
crusade-breastplate-1240609,crusade-breastplate,Crusade Breastplate,armor,Withered Knight,Chest,Excellent,Base roll,350,2,
crusade-breeches-1440601,crusade-breeches,Crusade Breeches,armor,Withered Knight,Legs,Excellent,Tenacious,375,1,
crusade-breeches-1440602,crusade-breeches,Crusade Breeches,armor,Withered Knight,Legs,Excellent,Iron Helmet,375,1,
crusade-breeches-1440603,crusade-breeches,Crusade Breeches,armor,Withered Knight,Legs,Excellent,Stoic,375,1,
crusade-breeches-1440604,crusade-breeches,Crusade Breeches,armor,Withered Knight,Legs,Excellent,Fervid,375,1,
crusade-breeches-1440605,crusade-breeches,Crusade Breeches,armor,Withered Knight,Legs,Excellent,Fervor,375,1,
crusade-breeches-1440606,crusade-breeches,Crusade Breeches,armor,Withered Knight,Legs,Excellent,Elusive,375,1,
crusade-breeches-1440607,crusade-breeches,Crusade Breeches,armor,Withered Knight,Legs,Excellent,Curse,375,1,
crusade-breeches-1440608,crusade-breeches,Crusade Breeches,armor,Withered Knight,Legs,Excellent,Base roll,350,2,
crusade-breeches-1440609,crusade-breeches,Crusade Breeches,armor,Withered Knight,Legs,Excellent,Base roll,350,2,
crusade-helmet-1140601,crusade-helmet,Crusade Helmet,armor,Withered Knight,Head,Excellent,Aegis,375,1,
crusade-helmet-1140602,crusade-helmet,Crusade Helmet,armor,Withered Knight,Head,Excellent,Iron Helmet,375,1,
crusade-helmet-1140603,crusade-helmet,Crusade Helmet,armor,Withered Knight,Head,Excellent,Wrath,375,1,
crusade-helmet-1140604,crusade-helmet,Crusade Helmet,armor,Withered Knight,Head,Excellent,Resilience,375,1,
crusade-helmet-1140605,crusade-helmet,Crusade Helmet,armor,Withered Knight,Head,Excellent,Smiting,375,1,
crusade-helmet-1140606,crusade-helmet,Crusade Helmet,armor,Withered Knight,Head,Excellent,Curse,375,1,
crusade-helmet-1140607,crusade-helmet,Crusade Helmet,armor,Withered Knight,Head,Excellent,Wealth,375,1,
crusade-helmet-1140608,crusade-helmet,Crusade Helmet,armor,Withered Knight,Head,Excellent,Base roll,350,2,
crusade-helmet-1140609,crusade-helmet,Crusade Helmet,armor,Withered Knight,Head,Excellent,Base roll,350,2,
crusade-sabatons-1540601,crusade-sabatons,Crusade Sabatons,armor,Withered Knight,Feet,Excellent,Tenacious,375,1,
crusade-sabatons-1540602,crusade-sabatons,Crusade Sabatons,armor,Withered Knight,Feet,Excellent,Ethereal,375,1,
crusade-sabatons-1540603,crusade-sabatons,Crusade Sabatons,armor,Withered Knight,Feet,Excellent,Stoic,375,1,
crusade-sabatons-1540604,crusade-sabatons,Crusade Sabatons,armor,Withered Knight,Feet,Excellent,Wrath,375,1,
crusade-sabatons-1540605,crusade-sabatons,Crusade Sabatons,armor,Withered Knight,Feet,Excellent,Burst,375,1,
crusade-sabatons-1540606,crusade-sabatons,Crusade Sabatons,armor,Withered Knight,Feet,Excellent,Smiting,375,1,
crusade-sabatons-1540607,crusade-sabatons,Crusade Sabatons,armor,Withered Knight,Feet,Excellent,Vitality,375,1,
crusade-sabatons-1540608,crusade-sabatons,Crusade Sabatons,armor,Withered Knight,Feet,Excellent,Base roll,350,2,
crusade-sabatons-1540609,crusade-sabatons,Crusade Sabatons,armor,Withered Knight,Feet,Excellent,Base roll,350,2,
crusader-gauntlets-1340301,crusader-gauntlets,Crusader Gauntlets,armor,Blackarrow,Hands,Excellent,Sky Piercer,375,1,
crusader-gauntlets-1340302,crusader-gauntlets,Crusader Gauntlets,armor,Blackarrow,Hands,Excellent,Seeker,375,1,
crusader-gauntlets-1340303,crusader-gauntlets,Crusader Gauntlets,armor,Blackarrow,Hands,Excellent,Ranged,375,1,
crusader-gauntlets-1340304,crusader-gauntlets,Crusader Gauntlets,armor,Blackarrow,Hands,Excellent,Elusive,375,1,
crusader-gauntlets-1340305,crusader-gauntlets,Crusader Gauntlets,armor,Blackarrow,Hands,Excellent,Deft,375,1,
crusader-gauntlets-1340306,crusader-gauntlets,Crusader Gauntlets,armor,Blackarrow,Hands,Excellent,Wealth,375,1,
crusader-gauntlets-1340307,crusader-gauntlets,Crusader Gauntlets,armor,Blackarrow,Hands,Excellent,Focused,375,1,
crusader-gauntlets-1340308,crusader-gauntlets,Crusader Gauntlets,armor,Blackarrow,Hands,Excellent,Base roll,350,2,
crusader-gauntlets-1340309,crusader-gauntlets,Crusader Gauntlets,armor,Blackarrow,Hands,Excellent,Base roll,350,2,
crusader-hood-1140301,crusader-hood,Crusader Hood,armor,Blackarrow,Head,Excellent,Iron Helmet,375,1,
crusader-hood-1140302,crusader-hood,Crusader Hood,armor,Blackarrow,Head,Excellent,Sky Piercer,375,1,
crusader-hood-1140303,crusader-hood,Crusader Hood,armor,Blackarrow,Head,Excellent,Seeker,375,1,
crusader-hood-1140304,crusader-hood,Crusader Hood,armor,Blackarrow,Head,Excellent,Ranged,375,1,
crusader-hood-1140305,crusader-hood,Crusader Hood,armor,Blackarrow,Head,Excellent,Smiting,375,1,
crusader-hood-1140306,crusader-hood,Crusader Hood,armor,Blackarrow,Head,Excellent,Swift,375,1,
crusader-hood-1140307,crusader-hood,Crusader Hood,armor,Blackarrow,Head,Excellent,Wealth,375,1,
crusader-hood-1140308,crusader-hood,Crusader Hood,armor,Blackarrow,Head,Excellent,Base roll,350,2,
crusader-hood-1140309,crusader-hood,Crusader Hood,armor,Blackarrow,Head,Excellent,Base roll,350,2,
crusader-leather-armor-1240301,crusader-leather-armor,Crusader Leather Armor,armor,Blackarrow,Chest,Excellent,Aegis,375,1,
crusader-leather-armor-1240302,crusader-leather-armor,Crusader Leather Armor,armor,Blackarrow,Chest,Excellent,Tenacious,375,1,
crusader-leather-armor-1240303,crusader-leather-armor,Crusader Leather Armor,armor,Blackarrow,Chest,Excellent,Iron Helmet,375,1,
crusader-leather-armor-1240304,crusader-leather-armor,Crusader Leather Armor,armor,Blackarrow,Chest,Excellent,Fervor,375,1,
crusader-leather-armor-1240305,crusader-leather-armor,Crusader Leather Armor,armor,Blackarrow,Chest,Excellent,Elusive,375,1,
crusader-leather-armor-1240306,crusader-leather-armor,Crusader Leather Armor,armor,Blackarrow,Chest,Excellent,Curse,375,1,
crusader-leather-armor-1240307,crusader-leather-armor,Crusader Leather Armor,armor,Blackarrow,Chest,Excellent,Focused,375,1,
crusader-leather-armor-1240308,crusader-leather-armor,Crusader Leather Armor,armor,Blackarrow,Chest,Excellent,Base roll,350,2,
crusader-leather-armor-1240309,crusader-leather-armor,Crusader Leather Armor,armor,Blackarrow,Chest,Excellent,Base roll,350,2,
crusader-long-boots-1540301,crusader-long-boots,Crusader Long Boots,armor,Blackarrow,Feet,Excellent,Ethereal,375,1,
crusader-long-boots-1540302,crusader-long-boots,Crusader Long Boots,armor,Blackarrow,Feet,Excellent,Sky Piercer,375,1,
crusader-long-boots-1540303,crusader-long-boots,Crusader Long Boots,armor,Blackarrow,Feet,Excellent,Fervid,375,1,
crusader-long-boots-1540304,crusader-long-boots,Crusader Long Boots,armor,Blackarrow,Feet,Excellent,Ranged,375,1,
crusader-long-boots-1540305,crusader-long-boots,Crusader Long Boots,armor,Blackarrow,Feet,Excellent,Smiting,375,1,
crusader-long-boots-1540306,crusader-long-boots,Crusader Long Boots,armor,Blackarrow,Feet,Excellent,Vitality,375,1,
crusader-long-boots-1540307,crusader-long-boots,Crusader Long Boots,armor,Blackarrow,Feet,Excellent,Elusive,375,1,
crusader-long-boots-1540308,crusader-long-boots,Crusader Long Boots,armor,Blackarrow,Feet,Excellent,Base roll,350,2,
crusader-long-boots-1540309,crusader-long-boots,Crusader Long Boots,armor,Blackarrow,Feet,Excellent,Base roll,350,2,
crusader-pants-1440301,crusader-pants,Crusader Pants,armor,Blackarrow,Legs,Excellent,Aegis,375,1,
crusader-pants-1440302,crusader-pants,Crusader Pants,armor,Blackarrow,Legs,Excellent,Tenacious,375,1,
crusader-pants-1440303,crusader-pants,Crusader Pants,armor,Blackarrow,Legs,Excellent,Fervid,375,1,
crusader-pants-1440304,crusader-pants,Crusader Pants,armor,Blackarrow,Legs,Excellent,Smiting,375,1,
crusader-pants-1440305,crusader-pants,Crusader Pants,armor,Blackarrow,Legs,Excellent,Vitality,375,1,
crusader-pants-1440306,crusader-pants,Crusader Pants,armor,Blackarrow,Legs,Excellent,Elusive,375,1,
crusader-pants-1440307,crusader-pants,Crusader Pants,armor,Blackarrow,Legs,Excellent,Curse,375,1,
crusader-pants-1440308,crusader-pants,Crusader Pants,armor,Blackarrow,Legs,Excellent,Base roll,350,2,
crusader-pants-1440309,crusader-pants,Crusader Pants,armor,Blackarrow,Legs,Excellent,Base roll,350,2,
decorative-ring-1720201,decorative-ring,Decorative Ring,armor,Any,Ring,Common,Base roll,200,,
demonbane-ring-1740201,demonbane-ring,Demonbane Ring,armor,Any,Ring,Excellent,Base roll,350,2,"agate,peridot"
demonbane-ring-1740202,demonbane-ring,Demonbane Ring,armor,Any,Ring,Excellent,Base roll,350,2,"amethyst,moonstone"
demonbane-ring-1740203,demonbane-ring,Demonbane Ring,armor,Any,Ring,Excellent,Base roll,350,2,"universal,amethyst"
discipline-pendant-1630101,discipline-pendant,Discipline Pendant,armor,Any,Necklace,Rare,Base roll,275,1,agate
discipline-pendant-1630102,discipline-pendant,Discipline Pendant,armor,Any,Necklace,Rare,Base roll,275,1,amethyst
discipline-pendant-1630103,discipline-pendant,Discipline Pendant,armor,Any,Necklace,Rare,Base roll,275,1,universal
dominance-amulet-1640301,dominance-amulet,Dominance Amulet,armor,Any,Necklace,Excellent,Base roll,350,2,"agate,moonstone"
dominance-amulet-1640302,dominance-amulet,Dominance Amulet,armor,Any,Necklace,Excellent,Base roll,350,2,"amethyst,peridot"
dominance-amulet-1640303,dominance-amulet,Dominance Amulet,armor,Any,Necklace,Excellent,Base roll,350,2,"universal,moonstone"
dragon-slumber-necklace-1650201,dragon-slumber-necklace,Dragon Slumber Necklace,armor,Any,Necklace,Epic,Base roll,425,2,"moonstone2,amethyst"
dragon-slumber-necklace-1650202,dragon-slumber-necklace,Dragon Slumber Necklace,armor,Any,Necklace,Epic,Base roll,425,2,"peridot2,agate"
dragon-slumber-necklace-1650203,dragon-slumber-necklace,Dragon Slumber Necklace,armor,Any,Necklace,Epic,Base roll,425,2,"universal2,amethyst"
dragonbreath-ring-1750201,dragonbreath-ring,Dragonbreath Ring,armor,Any,Ring,Epic,Base roll,425,2,"moonstone2,amethyst"
dragonbreath-ring-1750202,dragonbreath-ring,Dragonbreath Ring,armor,Any,Ring,Epic,Base roll,425,2,"peridot2,agate"
dragonbreath-ring-1750203,dragonbreath-ring,Dragonbreath Ring,armor,Any,Ring,Epic,Base roll,425,2,"universal2,amethyst"
dreamweaver-necklace-1640401,dreamweaver-necklace,Dreamweaver Necklace,armor,Any,Necklace,Excellent,Base roll,350,2,"agate,peridot"
dreamweaver-necklace-1640402,dreamweaver-necklace,Dreamweaver Necklace,armor,Any,Necklace,Excellent,Base roll,350,2,"amethyst,moonstone"
dreamweaver-necklace-1640403,dreamweaver-necklace,Dreamweaver Necklace,armor,Any,Necklace,Excellent,Base roll,350,2,"universal,peridot"
eagle-god-armor-1250301,eagle-god-armor,Eagle God Armor,armor,Blackarrow,Chest,Epic,Aegis,450,1,
eagle-god-armor-1250302,eagle-god-armor,Eagle God Armor,armor,Blackarrow,Chest,Epic,Tenacious,450,1,
eagle-god-armor-1250303,eagle-god-armor,Eagle God Armor,armor,Blackarrow,Chest,Epic,Iron Helmet,450,1,
eagle-god-armor-1250304,eagle-god-armor,Eagle God Armor,armor,Blackarrow,Chest,Epic,Fervor,450,1,
eagle-god-armor-1250305,eagle-god-armor,Eagle God Armor,armor,Blackarrow,Chest,Epic,Elusive,450,1,
eagle-god-armor-1250306,eagle-god-armor,Eagle God Armor,armor,Blackarrow,Chest,Epic,Curse,450,1,
eagle-god-armor-1250307,eagle-god-armor,Eagle God Armor,armor,Blackarrow,Chest,Epic,Focused,450,1,
eagle-god-armor-1250308,eagle-god-armor,Eagle God Armor,armor,Blackarrow,Chest,Epic,Base roll,425,2,
eagle-god-armor-1250309,eagle-god-armor,Eagle God Armor,armor,Blackarrow,Chest,Epic,Base roll,425,2,
eagle-god-bracers-1350301,eagle-god-bracers,Eagle God Bracers,armor,Blackarrow,Hands,Epic,Sky Piercer,450,1,
eagle-god-bracers-1350302,eagle-god-bracers,Eagle God Bracers,armor,Blackarrow,Hands,Epic,Seeker,450,1,
eagle-god-bracers-1350303,eagle-god-bracers,Eagle God Bracers,armor,Blackarrow,Hands,Epic,Ranged,450,1,
eagle-god-bracers-1350304,eagle-god-bracers,Eagle God Bracers,armor,Blackarrow,Hands,Epic,Elusive,450,1,
eagle-god-bracers-1350305,eagle-god-bracers,Eagle God Bracers,armor,Blackarrow,Hands,Epic,Deft,450,1,
eagle-god-bracers-1350306,eagle-god-bracers,Eagle God Bracers,armor,Blackarrow,Hands,Epic,Wealth,450,1,
eagle-god-bracers-1350307,eagle-god-bracers,Eagle God Bracers,armor,Blackarrow,Hands,Epic,Focused,450,1,
eagle-god-bracers-1350308,eagle-god-bracers,Eagle God Bracers,armor,Blackarrow,Hands,Epic,Base roll,425,2,
eagle-god-bracers-1350309,eagle-god-bracers,Eagle God Bracers,armor,Blackarrow,Hands,Epic,Base roll,425,2,
eagle-god-leather-boots-1550301,eagle-god-leather-boots,Eagle God Leather Boots,armor,Blackarrow,Feet,Epic,Ethereal,450,1,
eagle-god-leather-boots-1550302,eagle-god-leather-boots,Eagle God Leather Boots,armor,Blackarrow,Feet,Epic,Sky Piercer,450,1,
eagle-god-leather-boots-1550303,eagle-god-leather-boots,Eagle God Leather Boots,armor,Blackarrow,Feet,Epic,Fervid,450,1,
eagle-god-leather-boots-1550304,eagle-god-leather-boots,Eagle God Leather Boots,armor,Blackarrow,Feet,Epic,Ranged,450,1,
eagle-god-leather-boots-1550305,eagle-god-leather-boots,Eagle God Leather Boots,armor,Blackarrow,Feet,Epic,Smiting,450,1,
eagle-god-leather-boots-1550306,eagle-god-leather-boots,Eagle God Leather Boots,armor,Blackarrow,Feet,Epic,Vitality,450,1,
eagle-god-leather-boots-1550307,eagle-god-leather-boots,Eagle God Leather Boots,armor,Blackarrow,Feet,Epic,Elusive,450,1,
eagle-god-leather-boots-1550308,eagle-god-leather-boots,Eagle God Leather Boots,armor,Blackarrow,Feet,Epic,Base roll,425,2,
eagle-god-leather-boots-1550309,eagle-god-leather-boots,Eagle God Leather Boots,armor,Blackarrow,Feet,Epic,Base roll,425,2,
eagle-god-pants-1450301,eagle-god-pants,Eagle God Pants,armor,Blackarrow,Legs,Epic,Aegis,450,1,
eagle-god-pants-1450302,eagle-god-pants,Eagle God Pants,armor,Blackarrow,Legs,Epic,Tenacious,450,1,
eagle-god-pants-1450303,eagle-god-pants,Eagle God Pants,armor,Blackarrow,Legs,Epic,Fervid,450,1,
eagle-god-pants-1450304,eagle-god-pants,Eagle God Pants,armor,Blackarrow,Legs,Epic,Smiting,450,1,
eagle-god-pants-1450305,eagle-god-pants,Eagle God Pants,armor,Blackarrow,Legs,Epic,Vitality,450,1,
eagle-god-pants-1450306,eagle-god-pants,Eagle God Pants,armor,Blackarrow,Legs,Epic,Elusive,450,1,
eagle-god-pants-1450307,eagle-god-pants,Eagle God Pants,armor,Blackarrow,Legs,Epic,Curse,450,1,
eagle-god-pants-1450308,eagle-god-pants,Eagle God Pants,armor,Blackarrow,Legs,Epic,Base roll,425,2,
eagle-god-pants-1450309,eagle-god-pants,Eagle God Pants,armor,Blackarrow,Legs,Epic,Base roll,425,2,
eagle-god-winged-helm-1150301,eagle-god-winged-helm,Eagle God Winged Helm,armor,Blackarrow,Head,Epic,Iron Helmet,450,1,
eagle-god-winged-helm-1150302,eagle-god-winged-helm,Eagle God Winged Helm,armor,Blackarrow,Head,Epic,Sky Piercer,450,1,
eagle-god-winged-helm-1150303,eagle-god-winged-helm,Eagle God Winged Helm,armor,Blackarrow,Head,Epic,Seeker,450,1,
eagle-god-winged-helm-1150304,eagle-god-winged-helm,Eagle God Winged Helm,armor,Blackarrow,Head,Epic,Ranged,450,1,
eagle-god-winged-helm-1150305,eagle-god-winged-helm,Eagle God Winged Helm,armor,Blackarrow,Head,Epic,Smiting,450,1,
eagle-god-winged-helm-1150306,eagle-god-winged-helm,Eagle God Winged Helm,armor,Blackarrow,Head,Epic,Swift,450,1,
eagle-god-winged-helm-1150307,eagle-god-winged-helm,Eagle God Winged Helm,armor,Blackarrow,Head,Epic,Wealth,450,1,
eagle-god-winged-helm-1150308,eagle-god-winged-helm,Eagle God Winged Helm,armor,Blackarrow,Head,Epic,Base roll,425,2,
eagle-god-winged-helm-1150309,eagle-god-winged-helm,Eagle God Winged Helm,armor,Blackarrow,Head,Epic,Base roll,425,2,
einherjars-blessing-necklace-1660201,einherjars-blessing-necklace,Einherjar's Blessing Necklace,armor,Any,Necklace,Legendary,Base roll,500,3,"moonstone2,amethyst,peridot"
einherjars-blessing-necklace-1660202,einherjars-blessing-necklace,Einherjar's Blessing Necklace,armor,Any,Necklace,Legendary,Base roll,500,3,"peridot2,agate,moonstone"
einherjars-blessing-necklace-1660203,einherjars-blessing-necklace,Einherjar's Blessing Necklace,armor,Any,Necklace,Legendary,Base roll,500,3,"universal2,amethyst,moonstone"
emissary-gauntlets-1340401,emissary-gauntlets,Emissary Gauntlets,armor,Shadowstrix,Hands,Excellent,Fervid,375,1,moonstone
emissary-gauntlets-1340402,emissary-gauntlets,Emissary Gauntlets,armor,Shadowstrix,Hands,Excellent,Seeker,375,1,agate
emissary-gauntlets-1340403,emissary-gauntlets,Emissary Gauntlets,armor,Shadowstrix,Hands,Excellent,Fervor,375,1,peridot
emissary-gauntlets-1340404,emissary-gauntlets,Emissary Gauntlets,armor,Shadowstrix,Hands,Excellent,Deft,375,1,amethyst
emissary-gauntlets-1340405,emissary-gauntlets,Emissary Gauntlets,armor,Shadowstrix,Hands,Excellent,Blessing,375,1,peridot
emissary-gauntlets-1340406,emissary-gauntlets,Emissary Gauntlets,armor,Shadowstrix,Hands,Excellent,Curse,375,1,amethyst
emissary-gauntlets-1340407,emissary-gauntlets,Emissary Gauntlets,armor,Shadowstrix,Hands,Excellent,Wealth,375,1,moonstone
emissary-gauntlets-1340408,emissary-gauntlets,Emissary Gauntlets,armor,Shadowstrix,Hands,Excellent,Base roll,350,2,"agate,amethyst"
emissary-gauntlets-1340409,emissary-gauntlets,Emissary Gauntlets,armor,Shadowstrix,Hands,Excellent,Base roll,350,2,"agate,moonstone"
emissary-leather-armor-1240401,emissary-leather-armor,Emissary Leather Armor,armor,Shadowstrix,Chest,Excellent,Aegis,375,1,agate
emissary-leather-armor-1240402,emissary-leather-armor,Emissary Leather Armor,armor,Shadowstrix,Chest,Excellent,Tenacious,375,1,peridot
emissary-leather-armor-1240403,emissary-leather-armor,Emissary Leather Armor,armor,Shadowstrix,Chest,Excellent,Iron Helmet,375,1,moonstone
emissary-leather-armor-1240404,emissary-leather-armor,Emissary Leather Armor,armor,Shadowstrix,Chest,Excellent,Resilience,375,1,moonstone
emissary-leather-armor-1240405,emissary-leather-armor,Emissary Leather Armor,armor,Shadowstrix,Chest,Excellent,Vitality,375,1,peridot
emissary-leather-armor-1240406,emissary-leather-armor,Emissary Leather Armor,armor,Shadowstrix,Chest,Excellent,Curse,375,1,agate
emissary-leather-armor-1240407,emissary-leather-armor,Emissary Leather Armor,armor,Shadowstrix,Chest,Excellent,Wealth,375,1,amethyst
emissary-leather-armor-1240408,emissary-leather-armor,Emissary Leather Armor,armor,Shadowstrix,Chest,Excellent,Base roll,350,2,"amethyst,peridot"
emissary-leather-armor-1240409,emissary-leather-armor,Emissary Leather Armor,armor,Shadowstrix,Chest,Excellent,Base roll,350,2,"agate,moonstone"
emissary-long-boots-1540401,emissary-long-boots,Emissary Long Boots,armor,Shadowstrix,Feet,Excellent,Aegis,375,1,peridot
emissary-long-boots-1540402,emissary-long-boots,Emissary Long Boots,armor,Shadowstrix,Feet,Excellent,Ethereal,375,1,agate
emissary-long-boots-1540403,emissary-long-boots,Emissary Long Boots,armor,Shadowstrix,Feet,Excellent,Seeker,375,1,moonstone
emissary-long-boots-1540404,emissary-long-boots,Emissary Long Boots,armor,Shadowstrix,Feet,Excellent,Fervor,375,1,peridot
emissary-long-boots-1540405,emissary-long-boots,Emissary Long Boots,armor,Shadowstrix,Feet,Excellent,Smiting,375,1,amethyst
emissary-long-boots-1540406,emissary-long-boots,Emissary Long Boots,armor,Shadowstrix,Feet,Excellent,Elusive,375,1,agate
emissary-long-boots-1540407,emissary-long-boots,Emissary Long Boots,armor,Shadowstrix,Feet,Excellent,Deft,375,1,moonstone
emissary-long-boots-1540408,emissary-long-boots,Emissary Long Boots,armor,Shadowstrix,Feet,Excellent,Base roll,350,2,"agate,peridot"
emissary-long-boots-1540409,emissary-long-boots,Emissary Long Boots,armor,Shadowstrix,Feet,Excellent,Base roll,350,2,"amethyst,moonstone"
emissary-mask-1140401,emissary-mask,Emissary Mask,armor,Shadowstrix,Head,Excellent,Aegis,375,1,peridot
emissary-mask-1140402,emissary-mask,Emissary Mask,armor,Shadowstrix,Head,Excellent,Tenacious,375,1,agate
emissary-mask-1140403,emissary-mask,Emissary Mask,armor,Shadowstrix,Head,Excellent,Iron Helmet,375,1,moonstone
emissary-mask-1140404,emissary-mask,Emissary Mask,armor,Shadowstrix,Head,Excellent,Fervor,375,1,amethyst
emissary-mask-1140405,emissary-mask,Emissary Mask,armor,Shadowstrix,Head,Excellent,Elusive,375,1,peridot
emissary-mask-1140406,emissary-mask,Emissary Mask,armor,Shadowstrix,Head,Excellent,Blessing,375,1,agate
emissary-mask-1140407,emissary-mask,Emissary Mask,armor,Shadowstrix,Head,Excellent,Wealth,375,1,amethyst
emissary-mask-1140408,emissary-mask,Emissary Mask,armor,Shadowstrix,Head,Excellent,Base roll,350,2,"moonstone,peridot"
emissary-mask-1140409,emissary-mask,Emissary Mask,armor,Shadowstrix,Head,Excellent,Base roll,350,2,"agate,amethyst"
emissary-tights-1440401,emissary-tights,Emissary Tights,armor,Shadowstrix,Legs,Excellent,Aegis,375,1,peridot
emissary-tights-1440402,emissary-tights,Emissary Tights,armor,Shadowstrix,Legs,Excellent,Tenacious,375,1,moonstone
emissary-tights-1440403,emissary-tights,Emissary Tights,armor,Shadowstrix,Legs,Excellent,Iron Helmet,375,1,peridot
emissary-tights-1440404,emissary-tights,Emissary Tights,armor,Shadowstrix,Legs,Excellent,Fervid,375,1,amethyst
emissary-tights-1440405,emissary-tights,Emissary Tights,armor,Shadowstrix,Legs,Excellent,Smiting,375,1,agate
emissary-tights-1440406,emissary-tights,Emissary Tights,armor,Shadowstrix,Legs,Excellent,Vitality,375,1,agate
emissary-tights-1440407,emissary-tights,Emissary Tights,armor,Shadowstrix,Legs,Excellent,Elusive,375,1,amethyst
emissary-tights-1440408,emissary-tights,Emissary Tights,armor,Shadowstrix,Legs,Excellent,Base roll,350,2,"moonstone,peridot"
emissary-tights-1440409,emissary-tights,Emissary Tights,armor,Shadowstrix,Legs,Excellent,Base roll,350,2,"amethyst,moonstone"
engraved-ring-1720101,engraved-ring,Engraved Ring,armor,Any,Ring,Common,Base roll,200,,
enlightenment-bracers-1340501,enlightenment-bracers,Enlightenment Bracers,armor,Seer,Hands,Excellent,Brotherhood,375,1,
enlightenment-bracers-1340502,enlightenment-bracers,Enlightenment Bracers,armor,Seer,Hands,Excellent,Ranged,375,1,
enlightenment-bracers-1340503,enlightenment-bracers,Enlightenment Bracers,armor,Seer,Hands,Excellent,Fervor,375,1,
enlightenment-bracers-1340504,enlightenment-bracers,Enlightenment Bracers,armor,Seer,Hands,Excellent,Eloquence,375,1,
enlightenment-bracers-1340505,enlightenment-bracers,Enlightenment Bracers,armor,Seer,Hands,Excellent,Deft,375,1,
enlightenment-bracers-1340506,enlightenment-bracers,Enlightenment Bracers,armor,Seer,Hands,Excellent,Wealth,375,1,
enlightenment-bracers-1340507,enlightenment-bracers,Enlightenment Bracers,armor,Seer,Hands,Excellent,Creation,375,1,
enlightenment-bracers-1340508,enlightenment-bracers,Enlightenment Bracers,armor,Seer,Hands,Excellent,Base roll,350,2,
enlightenment-bracers-1340509,enlightenment-bracers,Enlightenment Bracers,armor,Seer,Hands,Excellent,Base roll,350,2,
enlightenment-crown-1140501,enlightenment-crown,Enlightenment Crown,armor,Seer,Head,Excellent,Distant Ward,375,1,
enlightenment-crown-1140502,enlightenment-crown,Enlightenment Crown,armor,Seer,Head,Excellent,Iron Helmet,375,1,
enlightenment-crown-1140503,enlightenment-crown,Enlightenment Crown,armor,Seer,Head,Excellent,Brotherhood,375,1,
enlightenment-crown-1140504,enlightenment-crown,Enlightenment Crown,armor,Seer,Head,Excellent,Ranged,375,1,
enlightenment-crown-1140505,enlightenment-crown,Enlightenment Crown,armor,Seer,Head,Excellent,Fervor,375,1,
enlightenment-crown-1140506,enlightenment-crown,Enlightenment Crown,armor,Seer,Head,Excellent,Wealth,375,1,
enlightenment-crown-1140507,enlightenment-crown,Enlightenment Crown,armor,Seer,Head,Excellent,Creation,375,1,
enlightenment-crown-1140508,enlightenment-crown,Enlightenment Crown,armor,Seer,Head,Excellent,Base roll,350,2,
enlightenment-crown-1140509,enlightenment-crown,Enlightenment Crown,armor,Seer,Head,Excellent,Base roll,350,2,
enlightenment-greaves-1540501,enlightenment-greaves,Enlightenment Greaves,armor,Seer,Feet,Excellent,Aegis,375,1,
enlightenment-greaves-1540502,enlightenment-greaves,Enlightenment Greaves,armor,Seer,Feet,Excellent,Ethereal,375,1,
enlightenment-greaves-1540503,enlightenment-greaves,Enlightenment Greaves,armor,Seer,Feet,Excellent,Spirit Shield,375,1,
enlightenment-greaves-1540504,enlightenment-greaves,Enlightenment Greaves,armor,Seer,Feet,Excellent,Fervid,375,1,
enlightenment-greaves-1540505,enlightenment-greaves,Enlightenment Greaves,armor,Seer,Feet,Excellent,Seeker,375,1,
enlightenment-greaves-1540506,enlightenment-greaves,Enlightenment Greaves,armor,Seer,Feet,Excellent,Ranged,375,1,
enlightenment-greaves-1540507,enlightenment-greaves,Enlightenment Greaves,armor,Seer,Feet,Excellent,Elusive,375,1,
enlightenment-greaves-1540508,enlightenment-greaves,Enlightenment Greaves,armor,Seer,Feet,Excellent,Base roll,350,2,
enlightenment-greaves-1540509,enlightenment-greaves,Enlightenment Greaves,armor,Seer,Feet,Excellent,Base roll,350,2,
enlightenment-pants-1440501,enlightenment-pants,Enlightenment Pants,armor,Seer,Legs,Excellent,Tenacious,375,1,
enlightenment-pants-1440502,enlightenment-pants,Enlightenment Pants,armor,Seer,Legs,Excellent,Brotherhood,375,1,
enlightenment-pants-1440503,enlightenment-pants,Enlightenment Pants,armor,Seer,Legs,Excellent,Fervid,375,1,
enlightenment-pants-1440504,enlightenment-pants,Enlightenment Pants,armor,Seer,Legs,Excellent,Seeker,375,1,
enlightenment-pants-1440505,enlightenment-pants,Enlightenment Pants,armor,Seer,Legs,Excellent,Fervor,375,1,
enlightenment-pants-1440506,enlightenment-pants,Enlightenment Pants,armor,Seer,Legs,Excellent,Smiting,375,1,
enlightenment-pants-1440507,enlightenment-pants,Enlightenment Pants,armor,Seer,Legs,Excellent,Eloquence,375,1,
enlightenment-pants-1440508,enlightenment-pants,Enlightenment Pants,armor,Seer,Legs,Excellent,Base roll,350,2,
enlightenment-pants-1440509,enlightenment-pants,Enlightenment Pants,armor,Seer,Legs,Excellent,Base roll,350,2,
enlightenment-vestment-1240501,enlightenment-vestment,Enlightenment Vestment,armor,Seer,Chest,Excellent,Tenacious,375,1,
enlightenment-vestment-1240502,enlightenment-vestment,Enlightenment Vestment,armor,Seer,Chest,Excellent,Iron Helmet,375,1,
enlightenment-vestment-1240503,enlightenment-vestment,Enlightenment Vestment,armor,Seer,Chest,Excellent,Spirit Shield,375,1,
enlightenment-vestment-1240504,enlightenment-vestment,Enlightenment Vestment,armor,Seer,Chest,Excellent,Fervid,375,1,
enlightenment-vestment-1240505,enlightenment-vestment,Enlightenment Vestment,armor,Seer,Chest,Excellent,Smiting,375,1,
enlightenment-vestment-1240506,enlightenment-vestment,Enlightenment Vestment,armor,Seer,Chest,Excellent,Eloquence,375,1,
enlightenment-vestment-1240507,enlightenment-vestment,Enlightenment Vestment,armor,Seer,Chest,Excellent,Blessing,375,1,
enlightenment-vestment-1240508,enlightenment-vestment,Enlightenment Vestment,armor,Seer,Chest,Excellent,Base roll,350,2,
enlightenment-vestment-1240509,enlightenment-vestment,Enlightenment Vestment,armor,Seer,Chest,Excellent,Base roll,350,2,
eye-of-the-sea-giant-1760401,eye-of-the-sea-giant,Eye of the Sea Giant,armor,Any,Ring,Legendary,Base roll,500,3,"moonstone2,amethyst,peridot"
eye-of-the-sea-giant-1760402,eye-of-the-sea-giant,Eye of the Sea Giant,armor,Any,Ring,Legendary,Base roll,500,3,"peridot2,agate,moonstone"
eye-of-the-sea-giant-1760403,eye-of-the-sea-giant,Eye of the Sea Giant,armor,Any,Ring,Legendary,Base roll,500,3,"universal2,agate,peridot"
fearless-boots-1540101,fearless-boots,Fearless Boots,armor,Mercenary,Feet,Excellent,Stoic,375,1,
fearless-boots-1540102,fearless-boots,Fearless Boots,armor,Mercenary,Feet,Excellent,Ethereal,375,1,
fearless-boots-1540103,fearless-boots,Fearless Boots,armor,Mercenary,Feet,Excellent,Wrath,375,1,
fearless-boots-1540104,fearless-boots,Fearless Boots,armor,Mercenary,Feet,Excellent,Unyielding,375,1,
fearless-boots-1540105,fearless-boots,Fearless Boots,armor,Mercenary,Feet,Excellent,Vitality,375,1,
fearless-boots-1540106,fearless-boots,Fearless Boots,armor,Mercenary,Feet,Excellent,Elusive,375,1,
fearless-boots-1540107,fearless-boots,Fearless Boots,armor,Mercenary,Feet,Excellent,Focused,375,1,
fearless-boots-1540108,fearless-boots,Fearless Boots,armor,Mercenary,Feet,Excellent,Base roll,350,2,
fearless-boots-1540109,fearless-boots,Fearless Boots,armor,Mercenary,Feet,Excellent,Base roll,350,2,
fearless-bracers-1340101,fearless-bracers,Fearless Bracers,armor,Mercenary,Hands,Excellent,Wealth,375,1,
fearless-bracers-1340102,fearless-bracers,Fearless Bracers,armor,Mercenary,Hands,Excellent,Wrath,375,1,
fearless-bracers-1340103,fearless-bracers,Fearless Bracers,armor,Mercenary,Hands,Excellent,Resilience,375,1,
fearless-bracers-1340104,fearless-bracers,Fearless Bracers,armor,Mercenary,Hands,Excellent,Smiting,375,1,
fearless-bracers-1340105,fearless-bracers,Fearless Bracers,armor,Mercenary,Hands,Excellent,Vitality,375,1,
fearless-bracers-1340106,fearless-bracers,Fearless Bracers,armor,Mercenary,Hands,Excellent,Deft,375,1,
fearless-bracers-1340107,fearless-bracers,Fearless Bracers,armor,Mercenary,Hands,Excellent,Focused,375,1,
fearless-bracers-1340108,fearless-bracers,Fearless Bracers,armor,Mercenary,Hands,Excellent,Base roll,350,2,
fearless-bracers-1340109,fearless-bracers,Fearless Bracers,armor,Mercenary,Hands,Excellent,Base roll,350,2,
fearless-breastplate-1240101,fearless-breastplate,Fearless Breastplate,armor,Mercenary,Chest,Excellent,Aegis,375,1,
fearless-breastplate-1240102,fearless-breastplate,Fearless Breastplate,armor,Mercenary,Chest,Excellent,Tenacious,375,1,
fearless-breastplate-1240103,fearless-breastplate,Fearless Breastplate,armor,Mercenary,Chest,Excellent,Bulwark,375,1,
fearless-breastplate-1240104,fearless-breastplate,Fearless Breastplate,armor,Mercenary,Chest,Excellent,Iron Helmet,375,1,
fearless-breastplate-1240105,fearless-breastplate,Fearless Breastplate,armor,Mercenary,Chest,Excellent,Blessing,375,1,
fearless-breastplate-1240106,fearless-breastplate,Fearless Breastplate,armor,Mercenary,Chest,Excellent,Wrath,375,1,
fearless-breastplate-1240107,fearless-breastplate,Fearless Breastplate,armor,Mercenary,Chest,Excellent,Focused,375,1,
fearless-breastplate-1240108,fearless-breastplate,Fearless Breastplate,armor,Mercenary,Chest,Excellent,Base roll,350,2,
fearless-breastplate-1240109,fearless-breastplate,Fearless Breastplate,armor,Mercenary,Chest,Excellent,Base roll,350,2,
fearless-helmet-1140101,fearless-helmet,Fearless Helmet,armor,Mercenary,Head,Excellent,Aegis,375,1,
fearless-helmet-1140102,fearless-helmet,Fearless Helmet,armor,Mercenary,Head,Excellent,Tenacious,375,1,
fearless-helmet-1140103,fearless-helmet,Fearless Helmet,armor,Mercenary,Head,Excellent,Bulwark,375,1,
fearless-helmet-1140104,fearless-helmet,Fearless Helmet,armor,Mercenary,Head,Excellent,Resilience,375,1,
fearless-helmet-1140105,fearless-helmet,Fearless Helmet,armor,Mercenary,Head,Excellent,Stoic,375,1,
fearless-helmet-1140106,fearless-helmet,Fearless Helmet,armor,Mercenary,Head,Excellent,Brotherhood,375,1,
fearless-helmet-1140107,fearless-helmet,Fearless Helmet,armor,Mercenary,Head,Excellent,Seeker,375,1,
fearless-helmet-1140108,fearless-helmet,Fearless Helmet,armor,Mercenary,Head,Excellent,Base roll,350,2,
fearless-helmet-1140109,fearless-helmet,Fearless Helmet,armor,Mercenary,Head,Excellent,Base roll,350,2,
fearless-pants-1440101,fearless-pants,Fearless Pants,armor,Mercenary,Legs,Excellent,Aegis,375,1,
fearless-pants-1440102,fearless-pants,Fearless Pants,armor,Mercenary,Legs,Excellent,Tenacious,375,1,
fearless-pants-1440103,fearless-pants,Fearless Pants,armor,Mercenary,Legs,Excellent,Bulwark,375,1,
fearless-pants-1440104,fearless-pants,Fearless Pants,armor,Mercenary,Legs,Excellent,Iron Helmet,375,1,
fearless-pants-1440105,fearless-pants,Fearless Pants,armor,Mercenary,Legs,Excellent,Stoic,375,1,
fearless-pants-1440106,fearless-pants,Fearless Pants,armor,Mercenary,Legs,Excellent,Distant Ward,375,1,
fearless-pants-1440107,fearless-pants,Fearless Pants,armor,Mercenary,Legs,Excellent,Elusive,375,1,
fearless-pants-1440108,fearless-pants,Fearless Pants,armor,Mercenary,Legs,Excellent,Base roll,350,2,
fearless-pants-1440109,fearless-pants,Fearless Pants,armor,Mercenary,Legs,Excellent,Base roll,350,2,
frostspeaker-pendant-1660301,frostspeaker-pendant,Frostspeaker Pendant,armor,Any,Necklace,Legendary,Base roll,500,3,"agate2,amethyst,moonstone"
frostspeaker-pendant-1660302,frostspeaker-pendant,Frostspeaker Pendant,armor,Any,Necklace,Legendary,Base roll,500,3,"amethyst2,agate,peridot"
frostspeaker-pendant-1660303,frostspeaker-pendant,Frostspeaker Pendant,armor,Any,Necklace,Legendary,Base roll,500,3,"universal2,moonstone,peridot"
guard-armor-1220101,guard-armor,Guard Armor,armor,"Mercenary, Withered Knight",Chest,Common,Base roll,200,,
guard-boots-1520101,guard-boots,Guard Boots,armor,"Mercenary, Withered Knight",Feet,Common,Base roll,200,,
guard-bracers-1320101,guard-bracers,Guard Bracers,armor,"Mercenary, Withered Knight",Hands,Common,Base roll,200,,
guard-helmet-1120101,guard-helmet,Guard Helmet,armor,"Mercenary, Withered Knight",Head,Common,Base roll,200,,
guard-pants-1420101,guard-pants,Guard Pants,armor,"Mercenary, Withered Knight",Legs,Common,Base roll,200,,
holy-saints-bracers-1360501,holy-saints-bracers,Holy Saint's Bracers,armor,Seer,Hands,Legendary,Brotherhood,525,2,
holy-saints-bracers-1360502,holy-saints-bracers,Holy Saint's Bracers,armor,Seer,Hands,Legendary,Ranged,525,2,
holy-saints-bracers-1360503,holy-saints-bracers,Holy Saint's Bracers,armor,Seer,Hands,Legendary,Fervor,525,2,
holy-saints-bracers-1360504,holy-saints-bracers,Holy Saint's Bracers,armor,Seer,Hands,Legendary,Eloquence,525,2,
holy-saints-bracers-1360505,holy-saints-bracers,Holy Saint's Bracers,armor,Seer,Hands,Legendary,Deft,525,2,
holy-saints-bracers-1360506,holy-saints-bracers,Holy Saint's Bracers,armor,Seer,Hands,Legendary,Wealth,525,2,
holy-saints-bracers-1360507,holy-saints-bracers,Holy Saint's Bracers,armor,Seer,Hands,Legendary,Creation,525,2,
holy-saints-bracers-1360508,holy-saints-bracers,Holy Saint's Bracers,armor,Seer,Hands,Legendary,Base roll,500,3,
holy-saints-bracers-1360509,holy-saints-bracers,Holy Saint's Bracers,armor,Seer,Hands,Legendary,Base roll,500,3,
holy-saints-greaves-1560501,holy-saints-greaves,Holy Saint's Greaves,armor,Seer,Feet,Legendary,Aegis,525,2,
holy-saints-greaves-1560502,holy-saints-greaves,Holy Saint's Greaves,armor,Seer,Feet,Legendary,Ethereal,525,2,
holy-saints-greaves-1560503,holy-saints-greaves,Holy Saint's Greaves,armor,Seer,Feet,Legendary,Spirit Shield,525,2,
holy-saints-greaves-1560504,holy-saints-greaves,Holy Saint's Greaves,armor,Seer,Feet,Legendary,Fervid,525,2,
holy-saints-greaves-1560505,holy-saints-greaves,Holy Saint's Greaves,armor,Seer,Feet,Legendary,Seeker,525,2,
holy-saints-greaves-1560506,holy-saints-greaves,Holy Saint's Greaves,armor,Seer,Feet,Legendary,Ranged,525,2,
holy-saints-greaves-1560507,holy-saints-greaves,Holy Saint's Greaves,armor,Seer,Feet,Legendary,Elusive,525,2,
holy-saints-greaves-1560508,holy-saints-greaves,Holy Saint's Greaves,armor,Seer,Feet,Legendary,Base roll,500,3,
holy-saints-greaves-1560509,holy-saints-greaves,Holy Saint's Greaves,armor,Seer,Feet,Legendary,Base roll,500,3,
holy-saints-miter-1160501,holy-saints-miter,Holy Saint's Miter,armor,Seer,Head,Legendary,Distant Ward,525,2,
holy-saints-miter-1160502,holy-saints-miter,Holy Saint's Miter,armor,Seer,Head,Legendary,Iron Helmet,525,2,
holy-saints-miter-1160503,holy-saints-miter,Holy Saint's Miter,armor,Seer,Head,Legendary,Brotherhood,525,2,
holy-saints-miter-1160504,holy-saints-miter,Holy Saint's Miter,armor,Seer,Head,Legendary,Ranged,525,2,
holy-saints-miter-1160505,holy-saints-miter,Holy Saint's Miter,armor,Seer,Head,Legendary,Fervor,525,2,
holy-saints-miter-1160506,holy-saints-miter,Holy Saint's Miter,armor,Seer,Head,Legendary,Wealth,525,2,
holy-saints-miter-1160507,holy-saints-miter,Holy Saint's Miter,armor,Seer,Head,Legendary,Creation,525,2,
holy-saints-miter-1160508,holy-saints-miter,Holy Saint's Miter,armor,Seer,Head,Legendary,Base roll,500,3,
holy-saints-miter-1160509,holy-saints-miter,Holy Saint's Miter,armor,Seer,Head,Legendary,Base roll,500,3,
holy-saints-pants-1460501,holy-saints-pants,Holy Saint's Pants,armor,Seer,Legs,Legendary,Tenacious,525,2,
holy-saints-pants-1460502,holy-saints-pants,Holy Saint's Pants,armor,Seer,Legs,Legendary,Brotherhood,525,2,
holy-saints-pants-1460503,holy-saints-pants,Holy Saint's Pants,armor,Seer,Legs,Legendary,Fervid,525,2,
holy-saints-pants-1460504,holy-saints-pants,Holy Saint's Pants,armor,Seer,Legs,Legendary,Seeker,525,2,
holy-saints-pants-1460505,holy-saints-pants,Holy Saint's Pants,armor,Seer,Legs,Legendary,Fervor,525,2,
holy-saints-pants-1460506,holy-saints-pants,Holy Saint's Pants,armor,Seer,Legs,Legendary,Smiting,525,2,
holy-saints-pants-1460507,holy-saints-pants,Holy Saint's Pants,armor,Seer,Legs,Legendary,Eloquence,525,2,
holy-saints-pants-1460508,holy-saints-pants,Holy Saint's Pants,armor,Seer,Legs,Legendary,Base roll,500,3,
holy-saints-pants-1460509,holy-saints-pants,Holy Saint's Pants,armor,Seer,Legs,Legendary,Base roll,500,3,
holy-saints-vestment-1260501,holy-saints-vestment,Holy Saint's Vestment,armor,Seer,Chest,Legendary,Tenacious,525,2,
holy-saints-vestment-1260502,holy-saints-vestment,Holy Saint's Vestment,armor,Seer,Chest,Legendary,Iron Helmet,525,2,
holy-saints-vestment-1260503,holy-saints-vestment,Holy Saint's Vestment,armor,Seer,Chest,Legendary,Spirit Shield,525,2,
holy-saints-vestment-1260504,holy-saints-vestment,Holy Saint's Vestment,armor,Seer,Chest,Legendary,Fervid,525,2,
holy-saints-vestment-1260505,holy-saints-vestment,Holy Saint's Vestment,armor,Seer,Chest,Legendary,Smiting,525,2,
holy-saints-vestment-1260506,holy-saints-vestment,Holy Saint's Vestment,armor,Seer,Chest,Legendary,Eloquence,525,2,
holy-saints-vestment-1260507,holy-saints-vestment,Holy Saint's Vestment,armor,Seer,Chest,Legendary,Blessing,525,2,
holy-saints-vestment-1260508,holy-saints-vestment,Holy Saint's Vestment,armor,Seer,Chest,Legendary,Base roll,500,3,
holy-saints-vestment-1260509,holy-saints-vestment,Holy Saint's Vestment,armor,Seer,Chest,Legendary,Base roll,500,3,
hunters-ring-1730301,hunters-ring,Hunter's Ring,armor,Any,Ring,Rare,Base roll,275,1,agate
hunters-ring-1730302,hunters-ring,Hunter's Ring,armor,Any,Ring,Rare,Base roll,275,1,amethyst
hunters-ring-1730303,hunters-ring,Hunter's Ring,armor,Any,Ring,Rare,Base roll,275,1,universal
jungle-emissary-necklace-1650301,jungle-emissary-necklace,Jungle Emissary Necklace,armor,Any,Necklace,Epic,Base roll,425,2,"agate2,moonstone"
jungle-emissary-necklace-1650302,jungle-emissary-necklace,Jungle Emissary Necklace,armor,Any,Necklace,Epic,Base roll,425,2,"amethyst2,peridot"
jungle-emissary-necklace-1650303,jungle-emissary-necklace,Jungle Emissary Necklace,armor,Any,Necklace,Epic,Base roll,425,2,"universal2,moonstone"
lovers-ring-1730101,lovers-ring,Lover's Ring,armor,Any,Ring,Rare,Base roll,275,1,agate
lovers-ring-1730102,lovers-ring,Lover's Ring,armor,Any,Ring,Rare,Base roll,275,1,amethyst
lovers-ring-1730103,lovers-ring,Lover's Ring,armor,Any,Ring,Rare,Base roll,275,1,universal
mandrake-silver-ring-1740401,mandrake-silver-ring,Mandrake Silver Ring,armor,Any,Ring,Excellent,Base roll,350,2,"agate,peridot"
mandrake-silver-ring-1740402,mandrake-silver-ring,Mandrake Silver Ring,armor,Any,Ring,Excellent,Base roll,350,2,"amethyst,moonstone"
mandrake-silver-ring-1740403,mandrake-silver-ring,Mandrake Silver Ring,armor,Any,Ring,Excellent,Base roll,350,2,"universal,peridot"
martyrs-bracers-1330501,martyrs-bracers,Martyr's Bracers,armor,Seer,Hands,Rare,Brotherhood,300,0,
martyrs-bracers-1330502,martyrs-bracers,Martyr's Bracers,armor,Seer,Hands,Rare,Ranged,300,0,
martyrs-bracers-1330503,martyrs-bracers,Martyr's Bracers,armor,Seer,Hands,Rare,Fervor,300,0,
martyrs-bracers-1330504,martyrs-bracers,Martyr's Bracers,armor,Seer,Hands,Rare,Eloquence,300,0,
martyrs-bracers-1330505,martyrs-bracers,Martyr's Bracers,armor,Seer,Hands,Rare,Deft,300,0,
martyrs-bracers-1330506,martyrs-bracers,Martyr's Bracers,armor,Seer,Hands,Rare,Wealth,300,0,
martyrs-bracers-1330507,martyrs-bracers,Martyr's Bracers,armor,Seer,Hands,Rare,Creation,300,0,
martyrs-bracers-1330508,martyrs-bracers,Martyr's Bracers,armor,Seer,Hands,Rare,Base roll,275,1,
martyrs-bracers-1330509,martyrs-bracers,Martyr's Bracers,armor,Seer,Hands,Rare,Base roll,275,1,
martyrs-greaves-1530501,martyrs-greaves,Martyr's Greaves,armor,Seer,Feet,Rare,Aegis,300,0,
martyrs-greaves-1530502,martyrs-greaves,Martyr's Greaves,armor,Seer,Feet,Rare,Ethereal,300,0,
martyrs-greaves-1530503,martyrs-greaves,Martyr's Greaves,armor,Seer,Feet,Rare,Spirit Shield,300,0,
martyrs-greaves-1530504,martyrs-greaves,Martyr's Greaves,armor,Seer,Feet,Rare,Fervid,300,0,
martyrs-greaves-1530505,martyrs-greaves,Martyr's Greaves,armor,Seer,Feet,Rare,Seeker,300,0,
martyrs-greaves-1530506,martyrs-greaves,Martyr's Greaves,armor,Seer,Feet,Rare,Ranged,300,0,
martyrs-greaves-1530507,martyrs-greaves,Martyr's Greaves,armor,Seer,Feet,Rare,Elusive,300,0,
martyrs-greaves-1530508,martyrs-greaves,Martyr's Greaves,armor,Seer,Feet,Rare,Base roll,275,1,
martyrs-greaves-1530509,martyrs-greaves,Martyr's Greaves,armor,Seer,Feet,Rare,Base roll,275,1,
martyrs-hood-1130501,martyrs-hood,Martyr's Hood,armor,Seer,Head,Rare,Distant Ward,300,0,
martyrs-hood-1130502,martyrs-hood,Martyr's Hood,armor,Seer,Head,Rare,Iron Helmet,300,0,
martyrs-hood-1130503,martyrs-hood,Martyr's Hood,armor,Seer,Head,Rare,Brotherhood,300,0,
martyrs-hood-1130504,martyrs-hood,Martyr's Hood,armor,Seer,Head,Rare,Ranged,300,0,
martyrs-hood-1130505,martyrs-hood,Martyr's Hood,armor,Seer,Head,Rare,Fervor,300,0,
martyrs-hood-1130506,martyrs-hood,Martyr's Hood,armor,Seer,Head,Rare,Wealth,300,0,
martyrs-hood-1130507,martyrs-hood,Martyr's Hood,armor,Seer,Head,Rare,Creation,300,0,
martyrs-hood-1130508,martyrs-hood,Martyr's Hood,armor,Seer,Head,Rare,Base roll,275,1,
martyrs-hood-1130509,martyrs-hood,Martyr's Hood,armor,Seer,Head,Rare,Base roll,275,1,
martyrs-pants-1430501,martyrs-pants,Martyr's Pants,armor,Seer,Legs,Rare,Tenacious,300,0,
martyrs-pants-1430502,martyrs-pants,Martyr's Pants,armor,Seer,Legs,Rare,Brotherhood,300,0,
martyrs-pants-1430503,martyrs-pants,Martyr's Pants,armor,Seer,Legs,Rare,Fervid,300,0,
martyrs-pants-1430504,martyrs-pants,Martyr's Pants,armor,Seer,Legs,Rare,Seeker,300,0,
martyrs-pants-1430505,martyrs-pants,Martyr's Pants,armor,Seer,Legs,Rare,Fervor,300,0,
martyrs-pants-1430506,martyrs-pants,Martyr's Pants,armor,Seer,Legs,Rare,Smiting,300,0,
martyrs-pants-1430507,martyrs-pants,Martyr's Pants,armor,Seer,Legs,Rare,Eloquence,300,0,
martyrs-pants-1430508,martyrs-pants,Martyr's Pants,armor,Seer,Legs,Rare,Base roll,275,1,
martyrs-pants-1430509,martyrs-pants,Martyr's Pants,armor,Seer,Legs,Rare,Base roll,275,1,
martyrs-vestment-1230501,martyrs-vestment,Martyr's Vestment,armor,Seer,Chest,Rare,Tenacious,300,0,
martyrs-vestment-1230502,martyrs-vestment,Martyr's Vestment,armor,Seer,Chest,Rare,Iron Helmet,300,0,
martyrs-vestment-1230503,martyrs-vestment,Martyr's Vestment,armor,Seer,Chest,Rare,Spirit Shield,300,0,
martyrs-vestment-1230504,martyrs-vestment,Martyr's Vestment,armor,Seer,Chest,Rare,Fervid,300,0,
martyrs-vestment-1230505,martyrs-vestment,Martyr's Vestment,armor,Seer,Chest,Rare,Smiting,300,0,
martyrs-vestment-1230506,martyrs-vestment,Martyr's Vestment,armor,Seer,Chest,Rare,Eloquence,300,0,
martyrs-vestment-1230507,martyrs-vestment,Martyr's Vestment,armor,Seer,Chest,Rare,Blessing,300,0,
martyrs-vestment-1230508,martyrs-vestment,Martyr's Vestment,armor,Seer,Chest,Rare,Base roll,275,1,
martyrs-vestment-1230509,martyrs-vestment,Martyr's Vestment,armor,Seer,Chest,Rare,Base roll,275,1,
mithril-ring-1730401,mithril-ring,Mithril Ring,armor,Any,Ring,Rare,Base roll,275,1,moonstone
mithril-ring-1730402,mithril-ring,Mithril Ring,armor,Any,Ring,Rare,Base roll,275,1,peridot
mithril-ring-1730403,mithril-ring,Mithril Ring,armor,Any,Ring,Rare,Base roll,275,1,universal
moon-priestess-boots-1560201,moon-priestess-boots,Moon Priestess Boots,armor,Sorcerer,Feet,Legendary,Ethereal,525,2,"agate2,peridot"
moon-priestess-boots-1560202,moon-priestess-boots,Moon Priestess Boots,armor,Sorcerer,Feet,Legendary,Sky Piercer,525,2,"amethyst2,moonstone"
moon-priestess-boots-1560203,moon-priestess-boots,Moon Priestess Boots,armor,Sorcerer,Feet,Legendary,Fervid,525,2,"moonstone2,peridot"
moon-priestess-boots-1560204,moon-priestess-boots,Moon Priestess Boots,armor,Sorcerer,Feet,Legendary,Ranged,525,2,"amethyst2,agate"
moon-priestess-boots-1560205,moon-priestess-boots,Moon Priestess Boots,armor,Sorcerer,Feet,Legendary,Eloquence,525,2,"agate2,moonstone"
moon-priestess-boots-1560206,moon-priestess-boots,Moon Priestess Boots,armor,Sorcerer,Feet,Legendary,Swift,525,2,"moonstone2,amethyst"
moon-priestess-boots-1560207,moon-priestess-boots,Moon Priestess Boots,armor,Sorcerer,Feet,Legendary,Curse,525,2,"peridot2,agate"
moon-priestess-boots-1560208,moon-priestess-boots,Moon Priestess Boots,armor,Sorcerer,Feet,Legendary,Base roll,500,3,"moonstone2,amethyst,peridot"
moon-priestess-boots-1560209,moon-priestess-boots,Moon Priestess Boots,armor,Sorcerer,Feet,Legendary,Base roll,500,3,"agate2,moonstone,peridot"
moon-priestess-bracers-1360201,moon-priestess-bracers,Moon Priestess Bracers,armor,Sorcerer,Hands,Legendary,Sky Piercer,525,2,"moonstone2,amethyst"
moon-priestess-bracers-1360202,moon-priestess-bracers,Moon Priestess Bracers,armor,Sorcerer,Hands,Legendary,Fervid,525,2,"amethyst2,agate"
moon-priestess-bracers-1360203,moon-priestess-bracers,Moon Priestess Bracers,armor,Sorcerer,Hands,Legendary,Seeker,525,2,"moonstone2,amethyst"
moon-priestess-bracers-1360204,moon-priestess-bracers,Moon Priestess Bracers,armor,Sorcerer,Hands,Legendary,Wealth,525,2,"peridot2,agate"
moon-priestess-bracers-1360205,moon-priestess-bracers,Moon Priestess Bracers,armor,Sorcerer,Hands,Legendary,Eloquence,525,2,"agate2,moonstone"
moon-priestess-bracers-1360206,moon-priestess-bracers,Moon Priestess Bracers,armor,Sorcerer,Hands,Legendary,Elusive,525,2,"peridot2,amethyst"
moon-priestess-bracers-1360207,moon-priestess-bracers,Moon Priestess Bracers,armor,Sorcerer,Hands,Legendary,Deft,525,2,"agate2,peridot"
moon-priestess-bracers-1360208,moon-priestess-bracers,Moon Priestess Bracers,armor,Sorcerer,Hands,Legendary,Base roll,500,3,"moonstone2,agate,amethyst"
moon-priestess-bracers-1360209,moon-priestess-bracers,Moon Priestess Bracers,armor,Sorcerer,Hands,Legendary,Base roll,500,3,"amethyst2,moonstone,peridot"
moon-priestess-mask-1160201,moon-priestess-mask,Moon Priestess Mask,armor,Sorcerer,Head,Legendary,Iron Helmet,525,2,"moonstone2,agate"
moon-priestess-mask-1160202,moon-priestess-mask,Moon Priestess Mask,armor,Sorcerer,Head,Legendary,Sky Piercer,525,2,"agate2,moonstone"
moon-priestess-mask-1160203,moon-priestess-mask,Moon Priestess Mask,armor,Sorcerer,Head,Legendary,Seeker,525,2,"amethyst2,agate"
moon-priestess-mask-1160204,moon-priestess-mask,Moon Priestess Mask,armor,Sorcerer,Head,Legendary,Ranged,525,2,"peridot2,amethyst"
moon-priestess-mask-1160205,moon-priestess-mask,Moon Priestess Mask,armor,Sorcerer,Head,Legendary,Eloquence,525,2,"agate2,peridot"
moon-priestess-mask-1160206,moon-priestess-mask,Moon Priestess Mask,armor,Sorcerer,Head,Legendary,Elusive,525,2,"moonstone2,agate"
moon-priestess-mask-1160207,moon-priestess-mask,Moon Priestess Mask,armor,Sorcerer,Head,Legendary,Wealth,525,2,"amethyst2,moonstone"
moon-priestess-mask-1160208,moon-priestess-mask,Moon Priestess Mask,armor,Sorcerer,Head,Legendary,Base roll,500,3,"peridot2,agate,amethyst"
moon-priestess-mask-1160209,moon-priestess-mask,Moon Priestess Mask,armor,Sorcerer,Head,Legendary,Base roll,500,3,"moonstone2,amethyst,peridot"
moon-priestess-pants-1460201,moon-priestess-pants,Moon Priestess Pants,armor,Sorcerer,Legs,Legendary,Aegis,525,2,"peridot2,amethyst"
moon-priestess-pants-1460202,moon-priestess-pants,Moon Priestess Pants,armor,Sorcerer,Legs,Legendary,Tenacious,525,2,"moonstone2,agate"
moon-priestess-pants-1460203,moon-priestess-pants,Moon Priestess Pants,armor,Sorcerer,Legs,Legendary,Iron Helmet,525,2,"amethyst2,peridot"
moon-priestess-pants-1460204,moon-priestess-pants,Moon Priestess Pants,armor,Sorcerer,Legs,Legendary,Sky Piercer,525,2,"agate2,moonstone"
moon-priestess-pants-1460205,moon-priestess-pants,Moon Priestess Pants,armor,Sorcerer,Legs,Legendary,Vitality,525,2,"peridot2,agate"
moon-priestess-pants-1460206,moon-priestess-pants,Moon Priestess Pants,armor,Sorcerer,Legs,Legendary,Swift,525,2,"amethyst2,peridot"
moon-priestess-pants-1460207,moon-priestess-pants,Moon Priestess Pants,armor,Sorcerer,Legs,Legendary,Elusive,525,2,"agate2,amethyst"
moon-priestess-pants-1460208,moon-priestess-pants,Moon Priestess Pants,armor,Sorcerer,Legs,Legendary,Base roll,500,3,"moonstone2,agate,amethyst"
moon-priestess-pants-1460209,moon-priestess-pants,Moon Priestess Pants,armor,Sorcerer,Legs,Legendary,Base roll,500,3,"peridot2,amethyst,moonstone"
moon-priestess-robe-1260201,moon-priestess-robe,Moon Priestess Robe,armor,Sorcerer,Chest,Legendary,Aegis,525,2,"agate2,moonstone"
moon-priestess-robe-1260202,moon-priestess-robe,Moon Priestess Robe,armor,Sorcerer,Chest,Legendary,Tenacious,525,2,"amethyst2,peridot"
moon-priestess-robe-1260203,moon-priestess-robe,Moon Priestess Robe,armor,Sorcerer,Chest,Legendary,Iron Helmet,525,2,"moonstone2,amethyst"
moon-priestess-robe-1260204,moon-priestess-robe,Moon Priestess Robe,armor,Sorcerer,Chest,Legendary,Ethereal,525,2,"amethyst2,peridot"
moon-priestess-robe-1260205,moon-priestess-robe,Moon Priestess Robe,armor,Sorcerer,Chest,Legendary,Ranged,525,2,"agate2,moonstone"
moon-priestess-robe-1260206,moon-priestess-robe,Moon Priestess Robe,armor,Sorcerer,Chest,Legendary,Vitality,525,2,"peridot2,agate"
moon-priestess-robe-1260207,moon-priestess-robe,Moon Priestess Robe,armor,Sorcerer,Chest,Legendary,Curse,525,2,"peridot2,agate"
moon-priestess-robe-1260208,moon-priestess-robe,Moon Priestess Robe,armor,Sorcerer,Chest,Legendary,Base roll,500,3,"agate2,moonstone,peridot"
moon-priestess-robe-1260209,moon-priestess-robe,Moon Priestess Robe,armor,Sorcerer,Chest,Legendary,Base roll,500,3,"amethyst2,moonstone,peridot"
mysteria-elder-boots-1550201,mysteria-elder-boots,Mysteria Elder Boots,armor,Sorcerer,Feet,Epic,Ethereal,450,1,agate2
mysteria-elder-boots-1550202,mysteria-elder-boots,Mysteria Elder Boots,armor,Sorcerer,Feet,Epic,Sky Piercer,450,1,peridot2
mysteria-elder-boots-1550203,mysteria-elder-boots,Mysteria Elder Boots,armor,Sorcerer,Feet,Epic,Fervid,450,1,moonstone2
mysteria-elder-boots-1550204,mysteria-elder-boots,Mysteria Elder Boots,armor,Sorcerer,Feet,Epic,Ranged,450,1,agate2
mysteria-elder-boots-1550205,mysteria-elder-boots,Mysteria Elder Boots,armor,Sorcerer,Feet,Epic,Eloquence,450,1,peridot2
mysteria-elder-boots-1550206,mysteria-elder-boots,Mysteria Elder Boots,armor,Sorcerer,Feet,Epic,Swift,450,1,amethyst2
mysteria-elder-boots-1550207,mysteria-elder-boots,Mysteria Elder Boots,armor,Sorcerer,Feet,Epic,Curse,450,1,moonstone2
mysteria-elder-boots-1550208,mysteria-elder-boots,Mysteria Elder Boots,armor,Sorcerer,Feet,Epic,Base roll,425,2,"amethyst2,moonstone"
mysteria-elder-boots-1550209,mysteria-elder-boots,Mysteria Elder Boots,armor,Sorcerer,Feet,Epic,Base roll,425,2,"agate2,amethyst"
mysteria-elder-bracers-1350201,mysteria-elder-bracers,Mysteria Elder Bracers,armor,Sorcerer,Hands,Epic,Sky Piercer,450,1,amethyst2
mysteria-elder-bracers-1350202,mysteria-elder-bracers,Mysteria Elder Bracers,armor,Sorcerer,Hands,Epic,Fervid,450,1,amethyst2
mysteria-elder-bracers-1350203,mysteria-elder-bracers,Mysteria Elder Bracers,armor,Sorcerer,Hands,Epic,Seeker,450,1,agate2
mysteria-elder-bracers-1350204,mysteria-elder-bracers,Mysteria Elder Bracers,armor,Sorcerer,Hands,Epic,Wealth,450,1,peridot2
mysteria-elder-bracers-1350205,mysteria-elder-bracers,Mysteria Elder Bracers,armor,Sorcerer,Hands,Epic,Eloquence,450,1,moonstone2
mysteria-elder-bracers-1350206,mysteria-elder-bracers,Mysteria Elder Bracers,armor,Sorcerer,Hands,Epic,Elusive,450,1,moonstone2
mysteria-elder-bracers-1350207,mysteria-elder-bracers,Mysteria Elder Bracers,armor,Sorcerer,Hands,Epic,Deft,450,1,amethyst2
mysteria-elder-bracers-1350208,mysteria-elder-bracers,Mysteria Elder Bracers,armor,Sorcerer,Hands,Epic,Base roll,425,2,"peridot2,amethyst"
mysteria-elder-bracers-1350209,mysteria-elder-bracers,Mysteria Elder Bracers,armor,Sorcerer,Hands,Epic,Base roll,425,2,"agate2,moonstone"
mysteria-elder-mask-1150201,mysteria-elder-mask,Mysteria Elder Mask,armor,Sorcerer,Head,Epic,Iron Helmet,450,1,agate2
mysteria-elder-mask-1150202,mysteria-elder-mask,Mysteria Elder Mask,armor,Sorcerer,Head,Epic,Sky Piercer,450,1,amethyst2
mysteria-elder-mask-1150203,mysteria-elder-mask,Mysteria Elder Mask,armor,Sorcerer,Head,Epic,Seeker,450,1,peridot2
mysteria-elder-mask-1150204,mysteria-elder-mask,Mysteria Elder Mask,armor,Sorcerer,Head,Epic,Ranged,450,1,amethyst2
mysteria-elder-mask-1150205,mysteria-elder-mask,Mysteria Elder Mask,armor,Sorcerer,Head,Epic,Eloquence,450,1,agate2
mysteria-elder-mask-1150206,mysteria-elder-mask,Mysteria Elder Mask,armor,Sorcerer,Head,Epic,Elusive,450,1,peridot2
mysteria-elder-mask-1150207,mysteria-elder-mask,Mysteria Elder Mask,armor,Sorcerer,Head,Epic,Wealth,450,1,moonstone2
mysteria-elder-mask-1150208,mysteria-elder-mask,Mysteria Elder Mask,armor,Sorcerer,Head,Epic,Base roll,425,2,"moonstone2,peridot"
mysteria-elder-mask-1150209,mysteria-elder-mask,Mysteria Elder Mask,armor,Sorcerer,Head,Epic,Base roll,425,2,"amethyst2,moonstone"
mysteria-elder-pants-1450201,mysteria-elder-pants,Mysteria Elder Pants,armor,Sorcerer,Legs,Epic,Aegis,450,1,peridot2
mysteria-elder-pants-1450202,mysteria-elder-pants,Mysteria Elder Pants,armor,Sorcerer,Legs,Epic,Tenacious,450,1,moonstone2
mysteria-elder-pants-1450203,mysteria-elder-pants,Mysteria Elder Pants,armor,Sorcerer,Legs,Epic,Iron Helmet,450,1,amethyst2
mysteria-elder-pants-1450204,mysteria-elder-pants,Mysteria Elder Pants,armor,Sorcerer,Legs,Epic,Sky Piercer,450,1,agate2
mysteria-elder-pants-1450205,mysteria-elder-pants,Mysteria Elder Pants,armor,Sorcerer,Legs,Epic,Vitality,450,1,peridot2
mysteria-elder-pants-1450206,mysteria-elder-pants,Mysteria Elder Pants,armor,Sorcerer,Legs,Epic,Swift,450,1,agate2
mysteria-elder-pants-1450207,mysteria-elder-pants,Mysteria Elder Pants,armor,Sorcerer,Legs,Epic,Elusive,450,1,moonstone2
mysteria-elder-pants-1450208,mysteria-elder-pants,Mysteria Elder Pants,armor,Sorcerer,Legs,Epic,Base roll,425,2,"amethyst2,peridot"
mysteria-elder-pants-1450209,mysteria-elder-pants,Mysteria Elder Pants,armor,Sorcerer,Legs,Epic,Base roll,425,2,"amethyst2,agate"
mysteria-elder-robe-1250201,mysteria-elder-robe,Mysteria Elder Robe,armor,Sorcerer,Chest,Epic,Aegis,450,1,agate2
mysteria-elder-robe-1250202,mysteria-elder-robe,Mysteria Elder Robe,armor,Sorcerer,Chest,Epic,Tenacious,450,1,peridot2
mysteria-elder-robe-1250203,mysteria-elder-robe,Mysteria Elder Robe,armor,Sorcerer,Chest,Epic,Iron Helmet,450,1,peridot2
mysteria-elder-robe-1250204,mysteria-elder-robe,Mysteria Elder Robe,armor,Sorcerer,Chest,Epic,Ethereal,450,1,moonstone2
mysteria-elder-robe-1250205,mysteria-elder-robe,Mysteria Elder Robe,armor,Sorcerer,Chest,Epic,Ranged,450,1,agate2
mysteria-elder-robe-1250206,mysteria-elder-robe,Mysteria Elder Robe,armor,Sorcerer,Chest,Epic,Vitality,450,1,amethyst2
mysteria-elder-robe-1250207,mysteria-elder-robe,Mysteria Elder Robe,armor,Sorcerer,Chest,Epic,Curse,450,1,agate2
mysteria-elder-robe-1250208,mysteria-elder-robe,Mysteria Elder Robe,armor,Sorcerer,Chest,Epic,Base roll,425,2,"peridot2,agate"
mysteria-elder-robe-1250209,mysteria-elder-robe,Mysteria Elder Robe,armor,Sorcerer,Chest,Epic,Base roll,425,2,"moonstone2,peridot"
practitioner-bracers-1330201,practitioner-bracers,Practitioner Bracers,armor,Sorcerer,Hands,Rare,Sky Piercer,300,0,none
practitioner-bracers-1330202,practitioner-bracers,Practitioner Bracers,armor,Sorcerer,Hands,Rare,Fervid,300,0,none
practitioner-bracers-1330203,practitioner-bracers,Practitioner Bracers,armor,Sorcerer,Hands,Rare,Seeker,300,0,none
practitioner-bracers-1330204,practitioner-bracers,Practitioner Bracers,armor,Sorcerer,Hands,Rare,Wealth,300,0,none
practitioner-bracers-1330205,practitioner-bracers,Practitioner Bracers,armor,Sorcerer,Hands,Rare,Eloquence,300,0,none
practitioner-bracers-1330206,practitioner-bracers,Practitioner Bracers,armor,Sorcerer,Hands,Rare,Elusive,300,0,none
practitioner-bracers-1330207,practitioner-bracers,Practitioner Bracers,armor,Sorcerer,Hands,Rare,Deft,300,0,none
practitioner-bracers-1330208,practitioner-bracers,Practitioner Bracers,armor,Sorcerer,Hands,Rare,Base roll,275,1,agate
practitioner-bracers-1330209,practitioner-bracers,Practitioner Bracers,armor,Sorcerer,Hands,Rare,Base roll,275,1,peridot
practitioner-hood-1130201,practitioner-hood,Practitioner Hood,armor,Sorcerer,Head,Rare,Iron Helmet,300,0,none
practitioner-hood-1130202,practitioner-hood,Practitioner Hood,armor,Sorcerer,Head,Rare,Sky Piercer,300,0,none
practitioner-hood-1130203,practitioner-hood,Practitioner Hood,armor,Sorcerer,Head,Rare,Seeker,300,0,none
practitioner-hood-1130204,practitioner-hood,Practitioner Hood,armor,Sorcerer,Head,Rare,Ranged,300,0,none
practitioner-hood-1130205,practitioner-hood,Practitioner Hood,armor,Sorcerer,Head,Rare,Eloquence,300,0,none
practitioner-hood-1130206,practitioner-hood,Practitioner Hood,armor,Sorcerer,Head,Rare,Elusive,300,0,none
practitioner-hood-1130207,practitioner-hood,Practitioner Hood,armor,Sorcerer,Head,Rare,Wealth,300,0,none
practitioner-hood-1130208,practitioner-hood,Practitioner Hood,armor,Sorcerer,Head,Rare,Base roll,275,1,amethyst
practitioner-hood-1130209,practitioner-hood,Practitioner Hood,armor,Sorcerer,Head,Rare,Base roll,275,1,moonstone
practitioner-pants-1430201,practitioner-pants,Practitioner Pants,armor,Sorcerer,Legs,Rare,Aegis,300,0,none
practitioner-pants-1430202,practitioner-pants,Practitioner Pants,armor,Sorcerer,Legs,Rare,Tenacious,300,0,none
practitioner-pants-1430203,practitioner-pants,Practitioner Pants,armor,Sorcerer,Legs,Rare,Iron Helmet,300,0,none
practitioner-pants-1430204,practitioner-pants,Practitioner Pants,armor,Sorcerer,Legs,Rare,Sky Piercer,300,0,none
practitioner-pants-1430205,practitioner-pants,Practitioner Pants,armor,Sorcerer,Legs,Rare,Vitality,300,0,none
practitioner-pants-1430206,practitioner-pants,Practitioner Pants,armor,Sorcerer,Legs,Rare,Swift,300,0,none
practitioner-pants-1430207,practitioner-pants,Practitioner Pants,armor,Sorcerer,Legs,Rare,Elusive,300,0,none
practitioner-pants-1430208,practitioner-pants,Practitioner Pants,armor,Sorcerer,Legs,Rare,Base roll,275,1,moonstone
practitioner-pants-1430209,practitioner-pants,Practitioner Pants,armor,Sorcerer,Legs,Rare,Base roll,275,1,amethyst
practitioner-robe-1230201,practitioner-robe,Practitioner Robe,armor,Sorcerer,Chest,Rare,Aegis,300,0,none
practitioner-robe-1230202,practitioner-robe,Practitioner Robe,armor,Sorcerer,Chest,Rare,Tenacious,300,0,none
practitioner-robe-1230203,practitioner-robe,Practitioner Robe,armor,Sorcerer,Chest,Rare,Iron Helmet,300,0,none
practitioner-robe-1230204,practitioner-robe,Practitioner Robe,armor,Sorcerer,Chest,Rare,Ethereal,300,0,none
practitioner-robe-1230205,practitioner-robe,Practitioner Robe,armor,Sorcerer,Chest,Rare,Ranged,300,0,none
practitioner-robe-1230206,practitioner-robe,Practitioner Robe,armor,Sorcerer,Chest,Rare,Vitality,300,0,none
practitioner-robe-1230207,practitioner-robe,Practitioner Robe,armor,Sorcerer,Chest,Rare,Curse,300,0,none
practitioner-robe-1230208,practitioner-robe,Practitioner Robe,armor,Sorcerer,Chest,Rare,Base roll,275,1,moonstone
practitioner-robe-1230209,practitioner-robe,Practitioner Robe,armor,Sorcerer,Chest,Rare,Base roll,275,1,amethyst
practitioner-shoes-1530201,practitioner-shoes,Practitioner Shoes,armor,Sorcerer,Feet,Rare,Ethereal,300,0,none
practitioner-shoes-1530202,practitioner-shoes,Practitioner Shoes,armor,Sorcerer,Feet,Rare,Sky Piercer,300,0,none
practitioner-shoes-1530203,practitioner-shoes,Practitioner Shoes,armor,Sorcerer,Feet,Rare,Fervid,300,0,none
practitioner-shoes-1530204,practitioner-shoes,Practitioner Shoes,armor,Sorcerer,Feet,Rare,Ranged,300,0,none
practitioner-shoes-1530205,practitioner-shoes,Practitioner Shoes,armor,Sorcerer,Feet,Rare,Eloquence,300,0,none
practitioner-shoes-1530206,practitioner-shoes,Practitioner Shoes,armor,Sorcerer,Feet,Rare,Swift,300,0,none
practitioner-shoes-1530207,practitioner-shoes,Practitioner Shoes,armor,Sorcerer,Feet,Rare,Curse,300,0,none
practitioner-shoes-1530208,practitioner-shoes,Practitioner Shoes,armor,Sorcerer,Feet,Rare,Base roll,275,1,peridot
practitioner-shoes-1530209,practitioner-shoes,Practitioner Shoes,armor,Sorcerer,Feet,Rare,Base roll,275,1,agate
ragons-pendant-1650101,ragons-pendant,Ragon's Pendant,armor,Any,Necklace,Epic,Base roll,425,2,"agate2,moonstone"
ragons-pendant-1650102,ragons-pendant,Ragon's Pendant,armor,Any,Necklace,Epic,Base roll,425,2,"amethyst,peridot"
ragons-pendant-1650103,ragons-pendant,Ragon's Pendant,armor,Any,Necklace,Epic,Base roll,425,2,"universal2,agate"
ragons-ring-1750101,ragons-ring,Ragon's Ring,armor,Any,Ring,Epic,Base roll,425,2,"agate2,moonstone"
ragons-ring-1750102,ragons-ring,Ragon's Ring,armor,Any,Ring,Epic,Base roll,425,2,"amethyst2,peridot"
ragons-ring-1750103,ragons-ring,Ragon's Ring,armor,Any,Ring,Epic,Base roll,425,2,"universal2,agate"
raven-priest-bracers-1340201,raven-priest-bracers,Raven Priest Bracers,armor,Sorcerer,Hands,Excellent,Sky Piercer,375,1,peridot
raven-priest-bracers-1340202,raven-priest-bracers,Raven Priest Bracers,armor,Sorcerer,Hands,Excellent,Fervid,375,1,moonstone
raven-priest-bracers-1340203,raven-priest-bracers,Raven Priest Bracers,armor,Sorcerer,Hands,Excellent,Seeker,375,1,agate
raven-priest-bracers-1340204,raven-priest-bracers,Raven Priest Bracers,armor,Sorcerer,Hands,Excellent,Wealth,375,1,moonstone
raven-priest-bracers-1340205,raven-priest-bracers,Raven Priest Bracers,armor,Sorcerer,Hands,Excellent,Eloquence,375,1,peridot
raven-priest-bracers-1340206,raven-priest-bracers,Raven Priest Bracers,armor,Sorcerer,Hands,Excellent,Elusive,375,1,agate
raven-priest-bracers-1340207,raven-priest-bracers,Raven Priest Bracers,armor,Sorcerer,Hands,Excellent,Deft,375,1,amethyst
raven-priest-bracers-1340208,raven-priest-bracers,Raven Priest Bracers,armor,Sorcerer,Hands,Excellent,Base roll,350,2,"agate,peridot"
raven-priest-bracers-1340209,raven-priest-bracers,Raven Priest Bracers,armor,Sorcerer,Hands,Excellent,Base roll,350,2,"amethyst2,moonstone"
raven-priest-greaves-1540201,raven-priest-greaves,Raven Priest Greaves,armor,Sorcerer,Feet,Excellent,Ethereal,375,1,agate
raven-priest-greaves-1540202,raven-priest-greaves,Raven Priest Greaves,armor,Sorcerer,Feet,Excellent,Sky Piercer,375,1,amethyst
raven-priest-greaves-1540203,raven-priest-greaves,Raven Priest Greaves,armor,Sorcerer,Feet,Excellent,Fervid,375,1,peridot
raven-priest-greaves-1540204,raven-priest-greaves,Raven Priest Greaves,armor,Sorcerer,Feet,Excellent,Ranged,375,1,agate
raven-priest-greaves-1540205,raven-priest-greaves,Raven Priest Greaves,armor,Sorcerer,Feet,Excellent,Eloquence,375,1,moonstone
raven-priest-greaves-1540206,raven-priest-greaves,Raven Priest Greaves,armor,Sorcerer,Feet,Excellent,Swift,375,1,amethyst
raven-priest-greaves-1540207,raven-priest-greaves,Raven Priest Greaves,armor,Sorcerer,Feet,Excellent,Curse,375,1,moonstone
raven-priest-greaves-1540208,raven-priest-greaves,Raven Priest Greaves,armor,Sorcerer,Feet,Excellent,Base roll,350,2,"agate,peridot"
raven-priest-greaves-1540209,raven-priest-greaves,Raven Priest Greaves,armor,Sorcerer,Feet,Excellent,Base roll,350,2,"agate,amethyst"
raven-priest-hood-1140201,raven-priest-hood,Raven Priest Hood,armor,Sorcerer,Head,Excellent,Iron Helmet,375,1,peridot
raven-priest-hood-1140202,raven-priest-hood,Raven Priest Hood,armor,Sorcerer,Head,Excellent,Sky Piercer,375,1,amethyst
raven-priest-hood-1140203,raven-priest-hood,Raven Priest Hood,armor,Sorcerer,Head,Excellent,Seeker,375,1,agate
raven-priest-hood-1140204,raven-priest-hood,Raven Priest Hood,armor,Sorcerer,Head,Excellent,Ranged,375,1,moonstone
raven-priest-hood-1140205,raven-priest-hood,Raven Priest Hood,armor,Sorcerer,Head,Excellent,Eloquence,375,1,peridot
raven-priest-hood-1140206,raven-priest-hood,Raven Priest Hood,armor,Sorcerer,Head,Excellent,Elusive,375,1,amethyst
raven-priest-hood-1140207,raven-priest-hood,Raven Priest Hood,armor,Sorcerer,Head,Excellent,Wealth,375,1,agate
raven-priest-hood-1140208,raven-priest-hood,Raven Priest Hood,armor,Sorcerer,Head,Excellent,Base roll,350,2,"moonstone,peridot"
raven-priest-hood-1140209,raven-priest-hood,Raven Priest Hood,armor,Sorcerer,Head,Excellent,Base roll,350,2,"agate,moonstone"
raven-priest-pants-1440201,raven-priest-pants,Raven Priest Pants,armor,Sorcerer,Legs,Excellent,Aegis,375,1,agate
raven-priest-pants-1440202,raven-priest-pants,Raven Priest Pants,armor,Sorcerer,Legs,Excellent,Tenacious,375,1,moonstone
raven-priest-pants-1440203,raven-priest-pants,Raven Priest Pants,armor,Sorcerer,Legs,Excellent,Iron Helmet,375,1,amethyst
raven-priest-pants-1440204,raven-priest-pants,Raven Priest Pants,armor,Sorcerer,Legs,Excellent,Sky Piercer,375,1,peridot
raven-priest-pants-1440205,raven-priest-pants,Raven Priest Pants,armor,Sorcerer,Legs,Excellent,Vitality,375,1,amethyst
raven-priest-pants-1440206,raven-priest-pants,Raven Priest Pants,armor,Sorcerer,Legs,Excellent,Swift,375,1,moonstone
raven-priest-pants-1440207,raven-priest-pants,Raven Priest Pants,armor,Sorcerer,Legs,Excellent,Elusive,375,1,peridot
raven-priest-pants-1440208,raven-priest-pants,Raven Priest Pants,armor,Sorcerer,Legs,Excellent,Base roll,350,2,"agate,peridot"
raven-priest-pants-1440209,raven-priest-pants,Raven Priest Pants,armor,Sorcerer,Legs,Excellent,Base roll,350,2,"amethyst,moonstone"
raven-priest-robe-1240201,raven-priest-robe,Raven Priest Robe,armor,Sorcerer,Chest,Excellent,Aegis,375,1,peridot
raven-priest-robe-1240202,raven-priest-robe,Raven Priest Robe,armor,Sorcerer,Chest,Excellent,Tenacious,375,1,amethyst
raven-priest-robe-1240203,raven-priest-robe,Raven Priest Robe,armor,Sorcerer,Chest,Excellent,Iron Helmet,375,1,amethyst
raven-priest-robe-1240204,raven-priest-robe,Raven Priest Robe,armor,Sorcerer,Chest,Excellent,Ethereal,375,1,agate
raven-priest-robe-1240205,raven-priest-robe,Raven Priest Robe,armor,Sorcerer,Chest,Excellent,Ranged,375,1,moonstone
raven-priest-robe-1240206,raven-priest-robe,Raven Priest Robe,armor,Sorcerer,Chest,Excellent,Vitality,375,1,peridot
raven-priest-robe-1240207,raven-priest-robe,Raven Priest Robe,armor,Sorcerer,Chest,Excellent,Curse,375,1,amethyst
raven-priest-robe-1240208,raven-priest-robe,Raven Priest Robe,armor,Sorcerer,Chest,Excellent,Base roll,350,2,"moonstone,peridot"
raven-priest-robe-1240209,raven-priest-robe,Raven Priest Robe,armor,Sorcerer,Chest,Excellent,Base roll,350,2,"agate,amethyst"
raven-war-pendant-1660401,raven-war-pendant,Raven War Pendant,armor,Any,Necklace,Legendary,Base roll,500,3,"moonstone2,amethyst,peridot"
raven-war-pendant-1660402,raven-war-pendant,Raven War Pendant,armor,Any,Necklace,Legendary,Base roll,500,3,"peridot2,agate,moonstone"
raven-war-pendant-1660403,raven-war-pendant,Raven War Pendant,armor,Any,Necklace,Legendary,Base roll,500,3,"universal2,agate,peridot"
retribution-ring-1740301,retribution-ring,Retribution Ring,armor,Any,Ring,Excellent,Base roll,350,2,"agate,moonstone"
retribution-ring-1740302,retribution-ring,Retribution Ring,armor,Any,Ring,Excellent,Base roll,350,2,"amethyst,peridot"
retribution-ring-1740303,retribution-ring,Retribution Ring,armor,Any,Ring,Excellent,Base roll,350,2,"universal,moonstone"
rosen-oath-boots-1560601,rosen-oath-boots,Rosen Oath Boots,armor,Withered Knight,Feet,Legendary,Tenacious,525,2,
rosen-oath-boots-1560602,rosen-oath-boots,Rosen Oath Boots,armor,Withered Knight,Feet,Legendary,Ethereal,525,2,
rosen-oath-boots-1560603,rosen-oath-boots,Rosen Oath Boots,armor,Withered Knight,Feet,Legendary,Stoic,525,2,
rosen-oath-boots-1560604,rosen-oath-boots,Rosen Oath Boots,armor,Withered Knight,Feet,Legendary,Wrath,525,2,
rosen-oath-boots-1560605,rosen-oath-boots,Rosen Oath Boots,armor,Withered Knight,Feet,Legendary,Burst,525,2,
rosen-oath-boots-1560606,rosen-oath-boots,Rosen Oath Boots,armor,Withered Knight,Feet,Legendary,Smiting,525,2,
rosen-oath-boots-1560607,rosen-oath-boots,Rosen Oath Boots,armor,Withered Knight,Feet,Legendary,Vitality,525,2,
rosen-oath-boots-1560608,rosen-oath-boots,Rosen Oath Boots,armor,Withered Knight,Feet,Legendary,Base roll,500,3,
rosen-oath-boots-1560609,rosen-oath-boots,Rosen Oath Boots,armor,Withered Knight,Feet,Legendary,Base roll,500,3,
rosen-oath-bracers-1360601,rosen-oath-bracers,Rosen Oath Bracers,armor,Withered Knight,Hands,Legendary,Aegis,525,2,
rosen-oath-bracers-1360602,rosen-oath-bracers,Rosen Oath Bracers,armor,Withered Knight,Hands,Legendary,Wrath,525,2,
rosen-oath-bracers-1360603,rosen-oath-bracers,Rosen Oath Bracers,armor,Withered Knight,Hands,Legendary,Burst,525,2,
rosen-oath-bracers-1360604,rosen-oath-bracers,Rosen Oath Bracers,armor,Withered Knight,Hands,Legendary,Fervid,525,2,
rosen-oath-bracers-1360605,rosen-oath-bracers,Rosen Oath Bracers,armor,Withered Knight,Hands,Legendary,Elusive,525,2,
rosen-oath-bracers-1360606,rosen-oath-bracers,Rosen Oath Bracers,armor,Withered Knight,Hands,Legendary,Deft,525,2,
rosen-oath-bracers-1360607,rosen-oath-bracers,Rosen Oath Bracers,armor,Withered Knight,Hands,Legendary,Wealth,525,2,
rosen-oath-bracers-1360608,rosen-oath-bracers,Rosen Oath Bracers,armor,Withered Knight,Hands,Legendary,Base roll,500,3,
rosen-oath-bracers-1360609,rosen-oath-bracers,Rosen Oath Bracers,armor,Withered Knight,Hands,Legendary,Base roll,500,3,
rosen-oath-breastplate-1260601,rosen-oath-breastplate,Rosen Oath Breastplate,armor,Withered Knight,Chest,Legendary,Aegis,525,2,
rosen-oath-breastplate-1260602,rosen-oath-breastplate,Rosen Oath Breastplate,armor,Withered Knight,Chest,Legendary,Distant Ward,525,2,
rosen-oath-breastplate-1260603,rosen-oath-breastplate,Rosen Oath Breastplate,armor,Withered Knight,Chest,Legendary,Iron Helmet,525,2,
rosen-oath-breastplate-1260604,rosen-oath-breastplate,Rosen Oath Breastplate,armor,Withered Knight,Chest,Legendary,Stoic,525,2,
rosen-oath-breastplate-1260605,rosen-oath-breastplate,Rosen Oath Breastplate,armor,Withered Knight,Chest,Legendary,Fervid,525,2,
rosen-oath-breastplate-1260606,rosen-oath-breastplate,Rosen Oath Breastplate,armor,Withered Knight,Chest,Legendary,Fervor,525,2,
rosen-oath-breastplate-1260607,rosen-oath-breastplate,Rosen Oath Breastplate,armor,Withered Knight,Chest,Legendary,Vitality,525,2,
rosen-oath-breastplate-1260608,rosen-oath-breastplate,Rosen Oath Breastplate,armor,Withered Knight,Chest,Legendary,Base roll,500,3,
rosen-oath-breastplate-1260609,rosen-oath-breastplate,Rosen Oath Breastplate,armor,Withered Knight,Chest,Legendary,Base roll,500,3,
rosen-oath-helmet-1160601,rosen-oath-helmet,Rosen Oath Helmet,armor,Withered Knight,Head,Legendary,Aegis,525,2,
rosen-oath-helmet-1160602,rosen-oath-helmet,Rosen Oath Helmet,armor,Withered Knight,Head,Legendary,Iron Helmet,525,2,
rosen-oath-helmet-1160603,rosen-oath-helmet,Rosen Oath Helmet,armor,Withered Knight,Head,Legendary,Wrath,525,2,
rosen-oath-helmet-1160604,rosen-oath-helmet,Rosen Oath Helmet,armor,Withered Knight,Head,Legendary,Resilience,525,2,
rosen-oath-helmet-1160605,rosen-oath-helmet,Rosen Oath Helmet,armor,Withered Knight,Head,Legendary,Smiting,525,2,
rosen-oath-helmet-1160606,rosen-oath-helmet,Rosen Oath Helmet,armor,Withered Knight,Head,Legendary,Curse,525,2,
rosen-oath-helmet-1160607,rosen-oath-helmet,Rosen Oath Helmet,armor,Withered Knight,Head,Legendary,Wealth,525,2,
rosen-oath-helmet-1160608,rosen-oath-helmet,Rosen Oath Helmet,armor,Withered Knight,Head,Legendary,Base roll,500,3,
rosen-oath-helmet-1160609,rosen-oath-helmet,Rosen Oath Helmet,armor,Withered Knight,Head,Legendary,Base roll,500,3,
rosen-oath-pants-1460601,rosen-oath-pants,Rosen Oath Pants,armor,Withered Knight,Legs,Legendary,Tenacious,525,2,
rosen-oath-pants-1460602,rosen-oath-pants,Rosen Oath Pants,armor,Withered Knight,Legs,Legendary,Iron Helmet,525,2,
rosen-oath-pants-1460603,rosen-oath-pants,Rosen Oath Pants,armor,Withered Knight,Legs,Legendary,Stoic,525,2,
rosen-oath-pants-1460604,rosen-oath-pants,Rosen Oath Pants,armor,Withered Knight,Legs,Legendary,Fervid,525,2,
rosen-oath-pants-1460605,rosen-oath-pants,Rosen Oath Pants,armor,Withered Knight,Legs,Legendary,Fervor,525,2,
rosen-oath-pants-1460606,rosen-oath-pants,Rosen Oath Pants,armor,Withered Knight,Legs,Legendary,Elusive,525,2,
rosen-oath-pants-1460607,rosen-oath-pants,Rosen Oath Pants,armor,Withered Knight,Legs,Legendary,Curse,525,2,
rosen-oath-pants-1460608,rosen-oath-pants,Rosen Oath Pants,armor,Withered Knight,Legs,Legendary,Base roll,500,3,
rosen-oath-pants-1460609,rosen-oath-pants,Rosen Oath Pants,armor,Withered Knight,Legs,Legendary,Base roll,500,3,
rover-bracers-1330301,rover-bracers,Rover Bracers,armor,Blackarrow,Hands,Rare,Sky Piercer,300,0,
rover-bracers-1330302,rover-bracers,Rover Bracers,armor,Blackarrow,Hands,Rare,Seeker,300,0,
rover-bracers-1330303,rover-bracers,Rover Bracers,armor,Blackarrow,Hands,Rare,Ranged,300,0,
rover-bracers-1330304,rover-bracers,Rover Bracers,armor,Blackarrow,Hands,Rare,Elusive,300,0,
rover-bracers-1330305,rover-bracers,Rover Bracers,armor,Blackarrow,Hands,Rare,Deft,300,0,
rover-bracers-1330306,rover-bracers,Rover Bracers,armor,Blackarrow,Hands,Rare,Wealth,300,0,
rover-bracers-1330307,rover-bracers,Rover Bracers,armor,Blackarrow,Hands,Rare,Focused,300,0,
rover-bracers-1330308,rover-bracers,Rover Bracers,armor,Blackarrow,Hands,Rare,Base roll,275,1,
rover-bracers-1330309,rover-bracers,Rover Bracers,armor,Blackarrow,Hands,Rare,Base roll,275,1,
rover-hood-1130301,rover-hood,Rover Hood,armor,Blackarrow,Head,Rare,Iron Helmet,300,0,
rover-hood-1130302,rover-hood,Rover Hood,armor,Blackarrow,Head,Rare,Sky Piercer,300,0,
rover-hood-1130303,rover-hood,Rover Hood,armor,Blackarrow,Head,Rare,Seeker,300,0,
rover-hood-1130304,rover-hood,Rover Hood,armor,Blackarrow,Head,Rare,Ranged,300,0,
rover-hood-1130305,rover-hood,Rover Hood,armor,Blackarrow,Head,Rare,Smiting,300,0,
rover-hood-1130306,rover-hood,Rover Hood,armor,Blackarrow,Head,Rare,Swift,300,0,
rover-hood-1130307,rover-hood,Rover Hood,armor,Blackarrow,Head,Rare,Wealth,300,0,
rover-hood-1130308,rover-hood,Rover Hood,armor,Blackarrow,Head,Rare,Base roll,275,1,
rover-hood-1130309,rover-hood,Rover Hood,armor,Blackarrow,Head,Rare,Base roll,275,1,
rover-long-boots-1530301,rover-long-boots,Rover Long Boots,armor,Blackarrow,Feet,Rare,Ethereal,300,0,
rover-long-boots-1530302,rover-long-boots,Rover Long Boots,armor,Blackarrow,Feet,Rare,Sky Piercer,300,0,
rover-long-boots-1530303,rover-long-boots,Rover Long Boots,armor,Blackarrow,Feet,Rare,Fervid,300,0,
rover-long-boots-1530304,rover-long-boots,Rover Long Boots,armor,Blackarrow,Feet,Rare,Ranged,300,0,
rover-long-boots-1530305,rover-long-boots,Rover Long Boots,armor,Blackarrow,Feet,Rare,Smiting,300,0,
rover-long-boots-1530306,rover-long-boots,Rover Long Boots,armor,Blackarrow,Feet,Rare,Vitality,300,0,
rover-long-boots-1530307,rover-long-boots,Rover Long Boots,armor,Blackarrow,Feet,Rare,Elusive,300,0,
rover-long-boots-1530308,rover-long-boots,Rover Long Boots,armor,Blackarrow,Feet,Rare,Base roll,275,1,
rover-long-boots-1530309,rover-long-boots,Rover Long Boots,armor,Blackarrow,Feet,Rare,Base roll,275,1,
rover-pants-1430301,rover-pants,Rover Pants,armor,Blackarrow,Legs,Rare,Aegis,300,0,
rover-pants-1430302,rover-pants,Rover Pants,armor,Blackarrow,Legs,Rare,Tenacious,300,0,
rover-pants-1430303,rover-pants,Rover Pants,armor,Blackarrow,Legs,Rare,Fervid,300,0,
rover-pants-1430304,rover-pants,Rover Pants,armor,Blackarrow,Legs,Rare,Smiting,300,0,
rover-pants-1430305,rover-pants,Rover Pants,armor,Blackarrow,Legs,Rare,Vitality,300,0,
rover-pants-1430306,rover-pants,Rover Pants,armor,Blackarrow,Legs,Rare,Elusive,300,0,
rover-pants-1430307,rover-pants,Rover Pants,armor,Blackarrow,Legs,Rare,Curse,300,0,
rover-pants-1430308,rover-pants,Rover Pants,armor,Blackarrow,Legs,Rare,Base roll,275,1,
rover-pants-1430309,rover-pants,Rover Pants,armor,Blackarrow,Legs,Rare,Base roll,275,1,
rover-top-1230301,rover-top,Rover Top,armor,Blackarrow,Chest,Rare,Aegis,300,0,
rover-top-1230302,rover-top,Rover Top,armor,Blackarrow,Chest,Rare,Tenacious,300,0,
rover-top-1230303,rover-top,Rover Top,armor,Blackarrow,Chest,Rare,Iron Helmet,300,0,
rover-top-1230304,rover-top,Rover Top,armor,Blackarrow,Chest,Rare,Fervor,300,0,
rover-top-1230305,rover-top,Rover Top,armor,Blackarrow,Chest,Rare,Elusive,300,0,
rover-top-1230306,rover-top,Rover Top,armor,Blackarrow,Chest,Rare,Curse,300,0,
rover-top-1230307,rover-top,Rover Top,armor,Blackarrow,Chest,Rare,Focused,300,0,
rover-top-1230308,rover-top,Rover Top,armor,Blackarrow,Chest,Rare,Base roll,275,1,
rover-top-1230309,rover-top,Rover Top,armor,Blackarrow,Chest,Rare,Base roll,275,1,
scaleclaw-armor-1260301,scaleclaw-armor,Scaleclaw Armor,armor,Blackarrow,Chest,Legendary,Aegis,525,2,
scaleclaw-armor-1260302,scaleclaw-armor,Scaleclaw Armor,armor,Blackarrow,Chest,Legendary,Tenacious,525,2,
scaleclaw-armor-1260303,scaleclaw-armor,Scaleclaw Armor,armor,Blackarrow,Chest,Legendary,Iron Helmet,525,2,
scaleclaw-armor-1260304,scaleclaw-armor,Scaleclaw Armor,armor,Blackarrow,Chest,Legendary,Fervor,525,2,
scaleclaw-armor-1260305,scaleclaw-armor,Scaleclaw Armor,armor,Blackarrow,Chest,Legendary,Elusive,525,2,
scaleclaw-armor-1260306,scaleclaw-armor,Scaleclaw Armor,armor,Blackarrow,Chest,Legendary,Curse,525,2,
scaleclaw-armor-1260307,scaleclaw-armor,Scaleclaw Armor,armor,Blackarrow,Chest,Legendary,Focused,525,2,
scaleclaw-armor-1260308,scaleclaw-armor,Scaleclaw Armor,armor,Blackarrow,Chest,Legendary,Base roll,500,3,
scaleclaw-armor-1260309,scaleclaw-armor,Scaleclaw Armor,armor,Blackarrow,Chest,Legendary,Base roll,500,3,
scaleclaw-bracers-1360301,scaleclaw-bracers,Scaleclaw Bracers,armor,Blackarrow,Hands,Legendary,Sky Piercer,525,2,
scaleclaw-bracers-1360302,scaleclaw-bracers,Scaleclaw Bracers,armor,Blackarrow,Hands,Legendary,Seeker,525,2,
scaleclaw-bracers-1360303,scaleclaw-bracers,Scaleclaw Bracers,armor,Blackarrow,Hands,Legendary,Ranged,525,2,
scaleclaw-bracers-1360304,scaleclaw-bracers,Scaleclaw Bracers,armor,Blackarrow,Hands,Legendary,Elusive,525,2,
scaleclaw-bracers-1360305,scaleclaw-bracers,Scaleclaw Bracers,armor,Blackarrow,Hands,Legendary,Deft,525,2,
scaleclaw-bracers-1360306,scaleclaw-bracers,Scaleclaw Bracers,armor,Blackarrow,Hands,Legendary,Wealth,525,2,
scaleclaw-bracers-1360307,scaleclaw-bracers,Scaleclaw Bracers,armor,Blackarrow,Hands,Legendary,Focused,525,2,
scaleclaw-bracers-1360308,scaleclaw-bracers,Scaleclaw Bracers,armor,Blackarrow,Hands,Legendary,Base roll,500,3,
scaleclaw-bracers-1360309,scaleclaw-bracers,Scaleclaw Bracers,armor,Blackarrow,Hands,Legendary,Base roll,500,3,
scaleclaw-leather-boots-1560301,scaleclaw-leather-boots,Scaleclaw Leather Boots,armor,Blackarrow,Feet,Legendary,Ethereal,525,2,
scaleclaw-leather-boots-1560302,scaleclaw-leather-boots,Scaleclaw Leather Boots,armor,Blackarrow,Feet,Legendary,Sky Piercer,525,2,
scaleclaw-leather-boots-1560303,scaleclaw-leather-boots,Scaleclaw Leather Boots,armor,Blackarrow,Feet,Legendary,Fervid,525,2,
scaleclaw-leather-boots-1560304,scaleclaw-leather-boots,Scaleclaw Leather Boots,armor,Blackarrow,Feet,Legendary,Ranged,525,2,
scaleclaw-leather-boots-1560305,scaleclaw-leather-boots,Scaleclaw Leather Boots,armor,Blackarrow,Feet,Legendary,Smiting,525,2,
scaleclaw-leather-boots-1560306,scaleclaw-leather-boots,Scaleclaw Leather Boots,armor,Blackarrow,Feet,Legendary,Vitality,525,2,
scaleclaw-leather-boots-1560307,scaleclaw-leather-boots,Scaleclaw Leather Boots,armor,Blackarrow,Feet,Legendary,Elusive,525,2,
scaleclaw-leather-boots-1560308,scaleclaw-leather-boots,Scaleclaw Leather Boots,armor,Blackarrow,Feet,Legendary,Base roll,500,3,
scaleclaw-leather-boots-1560309,scaleclaw-leather-boots,Scaleclaw Leather Boots,armor,Blackarrow,Feet,Legendary,Base roll,500,3,
scaleclaw-pants-1460301,scaleclaw-pants,Scaleclaw Pants,armor,Blackarrow,Legs,Legendary,Aegis,525,2,
scaleclaw-pants-1460302,scaleclaw-pants,Scaleclaw Pants,armor,Blackarrow,Legs,Legendary,Tenacious,525,2,
scaleclaw-pants-1460303,scaleclaw-pants,Scaleclaw Pants,armor,Blackarrow,Legs,Legendary,Fervid,525,2,
scaleclaw-pants-1460304,scaleclaw-pants,Scaleclaw Pants,armor,Blackarrow,Legs,Legendary,Smiting,525,2,
scaleclaw-pants-1460305,scaleclaw-pants,Scaleclaw Pants,armor,Blackarrow,Legs,Legendary,Vitality,525,2,
scaleclaw-pants-1460306,scaleclaw-pants,Scaleclaw Pants,armor,Blackarrow,Legs,Legendary,Elusive,525,2,
scaleclaw-pants-1460307,scaleclaw-pants,Scaleclaw Pants,armor,Blackarrow,Legs,Legendary,Curse,525,2,
scaleclaw-pants-1460308,scaleclaw-pants,Scaleclaw Pants,armor,Blackarrow,Legs,Legendary,Base roll,500,3,
scaleclaw-pants-1460309,scaleclaw-pants,Scaleclaw Pants,armor,Blackarrow,Legs,Legendary,Base roll,500,3,
scaleclaw-winged-helm-1160301,scaleclaw-winged-helm,Scaleclaw Winged Helm,armor,Blackarrow,Head,Legendary,Iron Helmet,525,2,
scaleclaw-winged-helm-1160302,scaleclaw-winged-helm,Scaleclaw Winged Helm,armor,Blackarrow,Head,Legendary,Sky Piercer,525,2,
scaleclaw-winged-helm-1160303,scaleclaw-winged-helm,Scaleclaw Winged Helm,armor,Blackarrow,Head,Legendary,Seeker,525,2,
scaleclaw-winged-helm-1160304,scaleclaw-winged-helm,Scaleclaw Winged Helm,armor,Blackarrow,Head,Legendary,Ranged,525,2,
scaleclaw-winged-helm-1160305,scaleclaw-winged-helm,Scaleclaw Winged Helm,armor,Blackarrow,Head,Legendary,Smiting,525,2,
scaleclaw-winged-helm-1160306,scaleclaw-winged-helm,Scaleclaw Winged Helm,armor,Blackarrow,Head,Legendary,Swift,525,2,
scaleclaw-winged-helm-1160307,scaleclaw-winged-helm,Scaleclaw Winged Helm,armor,Blackarrow,Head,Legendary,Wealth,525,2,
scaleclaw-winged-helm-1160308,scaleclaw-winged-helm,Scaleclaw Winged Helm,armor,Blackarrow,Head,Legendary,Base roll,500,3,
scaleclaw-winged-helm-1160309,scaleclaw-winged-helm,Scaleclaw Winged Helm,armor,Blackarrow,Head,Legendary,Base roll,500,3,
shadow-amberflux-ring-1760301,shadow-amberflux-ring,Shadow Amberflux Ring,armor,Any,Ring,Legendary,Base roll,500,3,"agate2,amethyst,moonstone"
shadow-amberflux-ring-1760302,shadow-amberflux-ring,Shadow Amberflux Ring,armor,Any,Ring,Legendary,Base roll,500,3,"amethyst2,agate,peridot"
shadow-amberflux-ring-1760303,shadow-amberflux-ring,Shadow Amberflux Ring,armor,Any,Ring,Legendary,Base roll,500,3,"universal2,moonstone,peridot"
shadow-skull-boots-1530401,shadow-skull-boots,Shadow Skull Boots,armor,Shadowstrix,Feet,Rare,Aegis,300,0,
shadow-skull-boots-1530402,shadow-skull-boots,Shadow Skull Boots,armor,Shadowstrix,Feet,Rare,Ethereal,300,0,
shadow-skull-boots-1530403,shadow-skull-boots,Shadow Skull Boots,armor,Shadowstrix,Feet,Rare,Seeker,300,0,
shadow-skull-boots-1530404,shadow-skull-boots,Shadow Skull Boots,armor,Shadowstrix,Feet,Rare,Fervor,300,0,
shadow-skull-boots-1530405,shadow-skull-boots,Shadow Skull Boots,armor,Shadowstrix,Feet,Rare,Smiting,300,0,
shadow-skull-boots-1530406,shadow-skull-boots,Shadow Skull Boots,armor,Shadowstrix,Feet,Rare,Elusive,300,0,
shadow-skull-boots-1530407,shadow-skull-boots,Shadow Skull Boots,armor,Shadowstrix,Feet,Rare,Deft,300,0,
shadow-skull-boots-1530408,shadow-skull-boots,Shadow Skull Boots,armor,Shadowstrix,Feet,Rare,Base roll,275,1,
shadow-skull-boots-1530409,shadow-skull-boots,Shadow Skull Boots,armor,Shadowstrix,Feet,Rare,Base roll,275,1,
shadow-skull-gauntlets-1330401,shadow-skull-gauntlets,Shadow Skull Gauntlets,armor,Shadowstrix,Hands,Rare,Fervid,300,0,
shadow-skull-gauntlets-1330402,shadow-skull-gauntlets,Shadow Skull Gauntlets,armor,Shadowstrix,Hands,Rare,Seeker,300,0,
shadow-skull-gauntlets-1330403,shadow-skull-gauntlets,Shadow Skull Gauntlets,armor,Shadowstrix,Hands,Rare,Fervor,300,0,
shadow-skull-gauntlets-1330404,shadow-skull-gauntlets,Shadow Skull Gauntlets,armor,Shadowstrix,Hands,Rare,Deft,300,0,
shadow-skull-gauntlets-1330405,shadow-skull-gauntlets,Shadow Skull Gauntlets,armor,Shadowstrix,Hands,Rare,Blessing,300,0,
shadow-skull-gauntlets-1330406,shadow-skull-gauntlets,Shadow Skull Gauntlets,armor,Shadowstrix,Hands,Rare,Curse,300,0,
shadow-skull-gauntlets-1330407,shadow-skull-gauntlets,Shadow Skull Gauntlets,armor,Shadowstrix,Hands,Rare,Wealth,300,0,
shadow-skull-gauntlets-1330408,shadow-skull-gauntlets,Shadow Skull Gauntlets,armor,Shadowstrix,Hands,Rare,Base roll,275,1,
shadow-skull-gauntlets-1330409,shadow-skull-gauntlets,Shadow Skull Gauntlets,armor,Shadowstrix,Hands,Rare,Base roll,275,1,
shadow-skull-mask-1130401,shadow-skull-mask,Shadow Skull Mask,armor,Shadowstrix,Head,Rare,Aegis,300,0,
shadow-skull-mask-1130402,shadow-skull-mask,Shadow Skull Mask,armor,Shadowstrix,Head,Rare,Tenacious,300,0,
shadow-skull-mask-1130403,shadow-skull-mask,Shadow Skull Mask,armor,Shadowstrix,Head,Rare,Iron Helmet,300,0,
shadow-skull-mask-1130404,shadow-skull-mask,Shadow Skull Mask,armor,Shadowstrix,Head,Rare,Fervor,300,0,
shadow-skull-mask-1130405,shadow-skull-mask,Shadow Skull Mask,armor,Shadowstrix,Head,Rare,Elusive,300,0,
shadow-skull-mask-1130406,shadow-skull-mask,Shadow Skull Mask,armor,Shadowstrix,Head,Rare,Blessing,300,0,
shadow-skull-mask-1130407,shadow-skull-mask,Shadow Skull Mask,armor,Shadowstrix,Head,Rare,Wealth,300,0,
shadow-skull-mask-1130408,shadow-skull-mask,Shadow Skull Mask,armor,Shadowstrix,Head,Rare,Base roll,275,1,
shadow-skull-mask-1130409,shadow-skull-mask,Shadow Skull Mask,armor,Shadowstrix,Head,Rare,Base roll,275,1,
shadow-skull-tights-1430401,shadow-skull-tights,Shadow Skull Tights,armor,Shadowstrix,Legs,Rare,Aegis,300,0,
shadow-skull-tights-1430402,shadow-skull-tights,Shadow Skull Tights,armor,Shadowstrix,Legs,Rare,Tenacious,300,0,
shadow-skull-tights-1430403,shadow-skull-tights,Shadow Skull Tights,armor,Shadowstrix,Legs,Rare,Iron Helmet,300,0,
shadow-skull-tights-1430404,shadow-skull-tights,Shadow Skull Tights,armor,Shadowstrix,Legs,Rare,Fervid,300,0,
shadow-skull-tights-1430405,shadow-skull-tights,Shadow Skull Tights,armor,Shadowstrix,Legs,Rare,Smiting,300,0,
shadow-skull-tights-1430406,shadow-skull-tights,Shadow Skull Tights,armor,Shadowstrix,Legs,Rare,Vitality,300,0,
shadow-skull-tights-1430407,shadow-skull-tights,Shadow Skull Tights,armor,Shadowstrix,Legs,Rare,Elusive,300,0,
shadow-skull-tights-1430408,shadow-skull-tights,Shadow Skull Tights,armor,Shadowstrix,Legs,Rare,Base roll,275,1,
shadow-skull-tights-1430409,shadow-skull-tights,Shadow Skull Tights,armor,Shadowstrix,Legs,Rare,Base roll,275,1,
shadow-skull-top-1230401,shadow-skull-top,Shadow Skull Top,armor,Shadowstrix,Chest,Rare,Aegis,300,0,
shadow-skull-top-1230402,shadow-skull-top,Shadow Skull Top,armor,Shadowstrix,Chest,Rare,Tenacious,300,0,
shadow-skull-top-1230403,shadow-skull-top,Shadow Skull Top,armor,Shadowstrix,Chest,Rare,Iron Helmet,300,0,
shadow-skull-top-1230404,shadow-skull-top,Shadow Skull Top,armor,Shadowstrix,Chest,Rare,Resilience,300,0,
shadow-skull-top-1230405,shadow-skull-top,Shadow Skull Top,armor,Shadowstrix,Chest,Rare,Vitality,300,0,
shadow-skull-top-1230406,shadow-skull-top,Shadow Skull Top,armor,Shadowstrix,Chest,Rare,Curse,300,0,
shadow-skull-top-1230407,shadow-skull-top,Shadow Skull Top,armor,Shadowstrix,Chest,Rare,Wealth,300,0,
shadow-skull-top-1230408,shadow-skull-top,Shadow Skull Top,armor,Shadowstrix,Chest,Rare,Base roll,275,1,
shadow-skull-top-1230409,shadow-skull-top,Shadow Skull Top,armor,Shadowstrix,Chest,Rare,Base roll,275,1,
shadowstrix-bracers-1350401,shadowstrix-bracers,Shadowstrix Bracers,armor,Shadowstrix,Hands,Epic,Fervid,450,1,amethyst2
shadowstrix-bracers-1350402,shadowstrix-bracers,Shadowstrix Bracers,armor,Shadowstrix,Hands,Epic,Seeker,450,1,agate2
shadowstrix-bracers-1350403,shadowstrix-bracers,Shadowstrix Bracers,armor,Shadowstrix,Hands,Epic,Fervor,450,1,peridot2
shadowstrix-bracers-1350404,shadowstrix-bracers,Shadowstrix Bracers,armor,Shadowstrix,Hands,Epic,Deft,450,1,moonstone2
shadowstrix-bracers-1350405,shadowstrix-bracers,Shadowstrix Bracers,armor,Shadowstrix,Hands,Epic,Blessing,450,1,peridot2
shadowstrix-bracers-1350406,shadowstrix-bracers,Shadowstrix Bracers,armor,Shadowstrix,Hands,Epic,Curse,450,1,moonstone2
shadowstrix-bracers-1350407,shadowstrix-bracers,Shadowstrix Bracers,armor,Shadowstrix,Hands,Epic,Wealth,450,1,agate2
shadowstrix-bracers-1350408,shadowstrix-bracers,Shadowstrix Bracers,armor,Shadowstrix,Hands,Epic,Base roll,425,2,"amethyst2,moonstone"
shadowstrix-bracers-1350409,shadowstrix-bracers,Shadowstrix Bracers,armor,Shadowstrix,Hands,Epic,Base roll,425,2,"agate2,peridot"
shadowstrix-leather-boots-1550401,shadowstrix-leather-boots,Shadowstrix Leather Boots,armor,Shadowstrix,Feet,Epic,Aegis,450,1,moonstone2
shadowstrix-leather-boots-1550402,shadowstrix-leather-boots,Shadowstrix Leather Boots,armor,Shadowstrix,Feet,Epic,Ethereal,450,1,peridot2
shadowstrix-leather-boots-1550403,shadowstrix-leather-boots,Shadowstrix Leather Boots,armor,Shadowstrix,Feet,Epic,Seeker,450,1,agate2
shadowstrix-leather-boots-1550404,shadowstrix-leather-boots,Shadowstrix Leather Boots,armor,Shadowstrix,Feet,Epic,Fervor,450,1,amethyst2
shadowstrix-leather-boots-1550405,shadowstrix-leather-boots,Shadowstrix Leather Boots,armor,Shadowstrix,Feet,Epic,Smiting,450,1,peridot2
shadowstrix-leather-boots-1550406,shadowstrix-leather-boots,Shadowstrix Leather Boots,armor,Shadowstrix,Feet,Epic,Elusive,450,1,moonstone2
shadowstrix-leather-boots-1550407,shadowstrix-leather-boots,Shadowstrix Leather Boots,armor,Shadowstrix,Feet,Epic,Deft,450,1,peridot2
shadowstrix-leather-boots-1550408,shadowstrix-leather-boots,Shadowstrix Leather Boots,armor,Shadowstrix,Feet,Epic,Base roll,425,2,"amethyst2,peridot"
shadowstrix-leather-boots-1550409,shadowstrix-leather-boots,Shadowstrix Leather Boots,armor,Shadowstrix,Feet,Epic,Base roll,425,2,"moonstone2,agate"
shadowstrix-mask-1150401,shadowstrix-mask,Shadowstrix Mask,armor,Shadowstrix,Head,Epic,Aegis,450,1,amethyst2
shadowstrix-mask-1150402,shadowstrix-mask,Shadowstrix Mask,armor,Shadowstrix,Head,Epic,Tenacious,450,1,moonstone2
shadowstrix-mask-1150403,shadowstrix-mask,Shadowstrix Mask,armor,Shadowstrix,Head,Epic,Iron Helmet,450,1,agate2
shadowstrix-mask-1150404,shadowstrix-mask,Shadowstrix Mask,armor,Shadowstrix,Head,Epic,Fervor,450,1,moonstone2
shadowstrix-mask-1150405,shadowstrix-mask,Shadowstrix Mask,armor,Shadowstrix,Head,Epic,Elusive,450,1,peridot2
shadowstrix-mask-1150406,shadowstrix-mask,Shadowstrix Mask,armor,Shadowstrix,Head,Epic,Blessing,450,1,amethyst2
shadowstrix-mask-1150407,shadowstrix-mask,Shadowstrix Mask,armor,Shadowstrix,Head,Epic,Wealth,450,1,amethyst2
shadowstrix-mask-1150408,shadowstrix-mask,Shadowstrix Mask,armor,Shadowstrix,Head,Epic,Base roll,425,2,"agate2,peridot"
shadowstrix-mask-1150409,shadowstrix-mask,Shadowstrix Mask,armor,Shadowstrix,Head,Epic,Base roll,425,2,"moonstone2,amethyst"
shadowstrix-pants-1450401,shadowstrix-pants,Shadowstrix Pants,armor,Shadowstrix,Legs,Epic,Aegis,450,1,amethyst2
shadowstrix-pants-1450402,shadowstrix-pants,Shadowstrix Pants,armor,Shadowstrix,Legs,Epic,Tenacious,450,1,moonstone2
shadowstrix-pants-1450403,shadowstrix-pants,Shadowstrix Pants,armor,Shadowstrix,Legs,Epic,Iron Helmet,450,1,peridot2
shadowstrix-pants-1450404,shadowstrix-pants,Shadowstrix Pants,armor,Shadowstrix,Legs,Epic,Fervid,450,1,peridot2
shadowstrix-pants-1450405,shadowstrix-pants,Shadowstrix Pants,armor,Shadowstrix,Legs,Epic,Smiting,450,1,moonstone2
shadowstrix-pants-1450406,shadowstrix-pants,Shadowstrix Pants,armor,Shadowstrix,Legs,Epic,Vitality,450,1,amethyst2
shadowstrix-pants-1450407,shadowstrix-pants,Shadowstrix Pants,armor,Shadowstrix,Legs,Epic,Elusive,450,1,agate2
shadowstrix-pants-1450408,shadowstrix-pants,Shadowstrix Pants,armor,Shadowstrix,Legs,Epic,Base roll,425,2,"agate2,amethyst"
shadowstrix-pants-1450409,shadowstrix-pants,Shadowstrix Pants,armor,Shadowstrix,Legs,Epic,Base roll,425,2,"amethyst2,agate"
shadowstrix-vigor-1250401,shadowstrix-vigor,Shadowstrix Vigor,armor,Shadowstrix,Chest,Epic,Aegis,450,1,peridot2
shadowstrix-vigor-1250402,shadowstrix-vigor,Shadowstrix Vigor,armor,Shadowstrix,Chest,Epic,Tenacious,450,1,amethyst2
shadowstrix-vigor-1250403,shadowstrix-vigor,Shadowstrix Vigor,armor,Shadowstrix,Chest,Epic,Iron Helmet,450,1,peridot2
shadowstrix-vigor-1250404,shadowstrix-vigor,Shadowstrix Vigor,armor,Shadowstrix,Chest,Epic,Resilience,450,1,agate2
shadowstrix-vigor-1250405,shadowstrix-vigor,Shadowstrix Vigor,armor,Shadowstrix,Chest,Epic,Vitality,450,1,moonstone2
shadowstrix-vigor-1250406,shadowstrix-vigor,Shadowstrix Vigor,armor,Shadowstrix,Chest,Epic,Curse,450,1,agate2
shadowstrix-vigor-1250407,shadowstrix-vigor,Shadowstrix Vigor,armor,Shadowstrix,Chest,Epic,Wealth,450,1,moonstone2
shadowstrix-vigor-1250408,shadowstrix-vigor,Shadowstrix Vigor,armor,Shadowstrix,Chest,Epic,Base roll,425,2,"amethyst2,agate"
shadowstrix-vigor-1250409,shadowstrix-vigor,Shadowstrix Vigor,armor,Shadowstrix,Chest,Epic,Base roll,425,2,"peridot2,moonstone"
simple-leather-boots-1510301,simple-leather-boots,Simple Leather Boots,armor,"Blackarrow, Shadowstrix",Feet,Damaged,Base roll,100,,
simple-leather-bracers-1310301,simple-leather-bracers,Simple Leather Bracers,armor,"Blackarrow, Shadowstrix",Hands,Damaged,Base roll,100,,
simple-leather-eyepatch-1110301,simple-leather-eyepatch,Simple Leather Eyepatch,armor,"Blackarrow, Shadowstrix",Head,Damaged,Base roll,100,,
simple-leather-pants-1410301,simple-leather-pants,Simple Leather Pants,armor,"Blackarrow, Shadowstrix",Legs,Damaged,Base roll,100,,
simple-leather-vest-1210301,simple-leather-vest,Simple Leather Vest,armor,"Blackarrow, Shadowstrix",Chest,Damaged,Base roll,100,,
sirius-ring-1760201,sirius-ring,Sirius Ring,armor,Any,Ring,Legendary,Base roll,500,3,"moonstone2,amethyst,peridot"
sirius-ring-1760202,sirius-ring,Sirius Ring,armor,Any,Ring,Legendary,Base roll,500,3,"peridot2,agate,moonstone"
sirius-ring-1760203,sirius-ring,Sirius Ring,armor,Any,Ring,Legendary,Base roll,500,3,"universal2,amethyst,moonstone"
sorcery-collar-1630401,sorcery-collar,Sorcery Collar,armor,Any,Necklace,Rare,Base roll,275,1,moonstone
sorcery-collar-1630402,sorcery-collar,Sorcery Collar,armor,Any,Necklace,Rare,Base roll,275,1,peridot
sorcery-collar-1630403,sorcery-collar,Sorcery Collar,armor,Any,Necklace,Rare,Base roll,275,1,universal
soulbane-necklace-1650401,soulbane-necklace,Soulbane Necklace,armor,Any,Necklace,Epic,Base roll,425,2,"moonstone2,amethyst"
soulbane-necklace-1650402,soulbane-necklace,Soulbane Necklace,armor,Any,Necklace,Epic,Base roll,425,2,"peridot2,agate"
soulbane-necklace-1650403,soulbane-necklace,Soulbane Necklace,armor,Any,Necklace,Epic,Base roll,425,2,"universal2,peridot"
stargazing-ring-1750401,stargazing-ring,Stargazing Ring,armor,Any,Ring,Epic,Base roll,425,2,"moonstone2,amethyst"
stargazing-ring-1750402,stargazing-ring,Stargazing Ring,armor,Any,Ring,Epic,Base roll,425,2,"peridot2,agate"
stargazing-ring-1750403,stargazing-ring,Stargazing Ring,armor,Any,Ring,Epic,Base roll,425,2,"universal2,peridot"
training-apprentice-boots-1510201,training-apprentice-boots,Training Apprentice Boots,armor,"Sorcerer, Seer",Feet,Damaged,Base roll,100,,
training-apprentice-bracers-1310201,training-apprentice-bracers,Training Apprentice Bracers,armor,"Sorcerer, Seer",Hands,Damaged,Base roll,100,,
training-apprentice-hood-1110201,training-apprentice-hood,Training Apprentice Hood,armor,"Sorcerer, Seer",Head,Damaged,Base roll,100,,
training-apprentice-pants-1410201,training-apprentice-pants,Training Apprentice Pants,armor,"Sorcerer, Seer",Legs,Damaged,Base roll,100,,
training-apprentice-robe-1210201,training-apprentice-robe,Training Apprentice Robe,armor,"Sorcerer, Seer",Chest,Damaged,Base roll,100,,
travelers-ring-1730201,travelers-ring,Traveler's Ring,armor,Any,Ring,Rare,Base roll,275,1,moonstone
travelers-ring-1730202,travelers-ring,Traveler's Ring,armor,Any,Ring,Rare,Base roll,275,1,peridot
travelers-ring-1730203,travelers-ring,Traveler's Ring,armor,Any,Ring,Rare,Base roll,275,1,universal
tri-phase-knot-pendant-1660101,tri-phase-knot-pendant,Tri-phase Knot Pendant,armor,Any,Necklace,Legendary,Base roll,500,3,"agate2,amethyst,moonstone"
tri-phase-knot-pendant-1660102,tri-phase-knot-pendant,Tri-phase Knot Pendant,armor,Any,Necklace,Legendary,Base roll,500,3,"amethyst2,agate,peridot"
tri-phase-knot-pendant-1660103,tri-phase-knot-pendant,Tri-phase Knot Pendant,armor,Any,Necklace,Legendary,Base roll,500,3,"universal2,agate,amethyst"
true-prayer-bracers-1350501,true-prayer-bracers,True Prayer Bracers,armor,Seer,Hands,Epic,Brotherhood,450,1,
true-prayer-bracers-1350502,true-prayer-bracers,True Prayer Bracers,armor,Seer,Hands,Epic,Ranged,450,1,
true-prayer-bracers-1350503,true-prayer-bracers,True Prayer Bracers,armor,Seer,Hands,Epic,Fervor,450,1,
true-prayer-bracers-1350504,true-prayer-bracers,True Prayer Bracers,armor,Seer,Hands,Epic,Eloquence,450,1,
true-prayer-bracers-1350505,true-prayer-bracers,True Prayer Bracers,armor,Seer,Hands,Epic,Deft,450,1,
true-prayer-bracers-1350506,true-prayer-bracers,True Prayer Bracers,armor,Seer,Hands,Epic,Wealth,450,1,
true-prayer-bracers-1350507,true-prayer-bracers,True Prayer Bracers,armor,Seer,Hands,Epic,Creation,450,1,
true-prayer-bracers-1350508,true-prayer-bracers,True Prayer Bracers,armor,Seer,Hands,Epic,Base roll,425,2,
true-prayer-bracers-1350509,true-prayer-bracers,True Prayer Bracers,armor,Seer,Hands,Epic,Base roll,425,2,
true-prayer-greaves-1550501,true-prayer-greaves,True Prayer Greaves,armor,Seer,Feet,Epic,Aegis,450,1,
true-prayer-greaves-1550502,true-prayer-greaves,True Prayer Greaves,armor,Seer,Feet,Epic,Ethereal,450,1,
true-prayer-greaves-1550503,true-prayer-greaves,True Prayer Greaves,armor,Seer,Feet,Epic,Spirit Shield,450,1,
true-prayer-greaves-1550504,true-prayer-greaves,True Prayer Greaves,armor,Seer,Feet,Epic,Fervid,450,1,
true-prayer-greaves-1550505,true-prayer-greaves,True Prayer Greaves,armor,Seer,Feet,Epic,Seeker,450,1,
true-prayer-greaves-1550506,true-prayer-greaves,True Prayer Greaves,armor,Seer,Feet,Epic,Ranged,450,1,
true-prayer-greaves-1550507,true-prayer-greaves,True Prayer Greaves,armor,Seer,Feet,Epic,Elusive,450,1,
true-prayer-greaves-1550508,true-prayer-greaves,True Prayer Greaves,armor,Seer,Feet,Epic,Base roll,425,2,
true-prayer-greaves-1550509,true-prayer-greaves,True Prayer Greaves,armor,Seer,Feet,Epic,Base roll,425,2,
true-prayer-miter-1150501,true-prayer-miter,True Prayer Miter,armor,Seer,Head,Epic,Distant Ward,450,1,
true-prayer-miter-1150502,true-prayer-miter,True Prayer Miter,armor,Seer,Head,Epic,Iron Helmet,450,1,
true-prayer-miter-1150503,true-prayer-miter,True Prayer Miter,armor,Seer,Head,Epic,Brotherhood,450,1,
true-prayer-miter-1150504,true-prayer-miter,True Prayer Miter,armor,Seer,Head,Epic,Ranged,450,1,
true-prayer-miter-1150505,true-prayer-miter,True Prayer Miter,armor,Seer,Head,Epic,Fervor,450,1,
true-prayer-miter-1150506,true-prayer-miter,True Prayer Miter,armor,Seer,Head,Epic,Wealth,450,1,
true-prayer-miter-1150507,true-prayer-miter,True Prayer Miter,armor,Seer,Head,Epic,Creation,450,1,
true-prayer-miter-1150508,true-prayer-miter,True Prayer Miter,armor,Seer,Head,Epic,Base roll,425,2,
true-prayer-miter-1150509,true-prayer-miter,True Prayer Miter,armor,Seer,Head,Epic,Base roll,425,2,
true-prayer-pants-1450501,true-prayer-pants,True Prayer Pants,armor,Seer,Legs,Epic,Tenacious,450,1,
true-prayer-pants-1450502,true-prayer-pants,True Prayer Pants,armor,Seer,Legs,Epic,Brotherhood,450,1,
true-prayer-pants-1450503,true-prayer-pants,True Prayer Pants,armor,Seer,Legs,Epic,Fervid,450,1,
true-prayer-pants-1450504,true-prayer-pants,True Prayer Pants,armor,Seer,Legs,Epic,Seeker,450,1,
true-prayer-pants-1450505,true-prayer-pants,True Prayer Pants,armor,Seer,Legs,Epic,Fervor,450,1,
true-prayer-pants-1450506,true-prayer-pants,True Prayer Pants,armor,Seer,Legs,Epic,Smiting,450,1,
true-prayer-pants-1450507,true-prayer-pants,True Prayer Pants,armor,Seer,Legs,Epic,Eloquence,450,1,
true-prayer-pants-1450508,true-prayer-pants,True Prayer Pants,armor,Seer,Legs,Epic,Base roll,425,2,
true-prayer-pants-1450509,true-prayer-pants,True Prayer Pants,armor,Seer,Legs,Epic,Base roll,425,2,
true-prayer-vestment-1250501,true-prayer-vestment,True Prayer Vestment,armor,Seer,Chest,Epic,Tenacious,450,1,
true-prayer-vestment-1250502,true-prayer-vestment,True Prayer Vestment,armor,Seer,Chest,Epic,Iron Helmet,450,1,
true-prayer-vestment-1250503,true-prayer-vestment,True Prayer Vestment,armor,Seer,Chest,Epic,Spirit Shield,450,1,
true-prayer-vestment-1250504,true-prayer-vestment,True Prayer Vestment,armor,Seer,Chest,Epic,Fervid,450,1,
true-prayer-vestment-1250505,true-prayer-vestment,True Prayer Vestment,armor,Seer,Chest,Epic,Smiting,450,1,
true-prayer-vestment-1250506,true-prayer-vestment,True Prayer Vestment,armor,Seer,Chest,Epic,Eloquence,450,1,
true-prayer-vestment-1250507,true-prayer-vestment,True Prayer Vestment,armor,Seer,Chest,Epic,Blessing,450,1,
true-prayer-vestment-1250508,true-prayer-vestment,True Prayer Vestment,armor,Seer,Chest,Epic,Base roll,425,2,
true-prayer-vestment-1250509,true-prayer-vestment,True Prayer Vestment,armor,Seer,Chest,Epic,Base roll,425,2,
veteran-armor-1230101,veteran-armor,Veteran Armor,armor,Mercenary,Chest,Rare,Aegis,300,0,
veteran-armor-1230102,veteran-armor,Veteran Armor,armor,Mercenary,Chest,Rare,Tenacious,300,0,
veteran-armor-1230103,veteran-armor,Veteran Armor,armor,Mercenary,Chest,Rare,Bulwark,300,0,
veteran-armor-1230104,veteran-armor,Veteran Armor,armor,Mercenary,Chest,Rare,Iron Helmet,300,0,
veteran-armor-1230105,veteran-armor,Veteran Armor,armor,Mercenary,Chest,Rare,Blessing,300,0,
veteran-armor-1230106,veteran-armor,Veteran Armor,armor,Mercenary,Chest,Rare,Wrath,300,0,
veteran-armor-1230107,veteran-armor,Veteran Armor,armor,Mercenary,Chest,Rare,Focused,300,0,
veteran-armor-1230108,veteran-armor,Veteran Armor,armor,Mercenary,Chest,Rare,Base roll,275,1,
veteran-armor-1230109,veteran-armor,Veteran Armor,armor,Mercenary,Chest,Rare,Base roll,275,1,
veteran-boots-1530101,veteran-boots,Veteran Boots,armor,Mercenary,Feet,Rare,Stoic,300,0,
veteran-boots-1530102,veteran-boots,Veteran Boots,armor,Mercenary,Feet,Rare,Ethereal,300,0,
veteran-boots-1530103,veteran-boots,Veteran Boots,armor,Mercenary,Feet,Rare,Wrath,300,0,
veteran-boots-1530104,veteran-boots,Veteran Boots,armor,Mercenary,Feet,Rare,Unyielding,300,0,
veteran-boots-1530105,veteran-boots,Veteran Boots,armor,Mercenary,Feet,Rare,Vitality,300,0,
veteran-boots-1530106,veteran-boots,Veteran Boots,armor,Mercenary,Feet,Rare,Elusive,300,0,
veteran-boots-1530107,veteran-boots,Veteran Boots,armor,Mercenary,Feet,Rare,Focused,300,0,
veteran-boots-1530108,veteran-boots,Veteran Boots,armor,Mercenary,Feet,Rare,Base roll,275,1,
veteran-boots-1530109,veteran-boots,Veteran Boots,armor,Mercenary,Feet,Rare,Base roll,275,1,
veteran-bracers-1330101,veteran-bracers,Veteran Bracers,armor,Mercenary,Hands,Rare,Wealth,300,0,
veteran-bracers-1330102,veteran-bracers,Veteran Bracers,armor,Mercenary,Hands,Rare,Wrath,300,0,
veteran-bracers-1330103,veteran-bracers,Veteran Bracers,armor,Mercenary,Hands,Rare,Resilience,300,0,
veteran-bracers-1330104,veteran-bracers,Veteran Bracers,armor,Mercenary,Hands,Rare,Smiting,300,0,
veteran-bracers-1330105,veteran-bracers,Veteran Bracers,armor,Mercenary,Hands,Rare,Vitality,300,0,
veteran-bracers-1330106,veteran-bracers,Veteran Bracers,armor,Mercenary,Hands,Rare,Deft,300,0,
veteran-bracers-1330107,veteran-bracers,Veteran Bracers,armor,Mercenary,Hands,Rare,Focused,300,0,
veteran-bracers-1330108,veteran-bracers,Veteran Bracers,armor,Mercenary,Hands,Rare,Base roll,275,1,
veteran-bracers-1330109,veteran-bracers,Veteran Bracers,armor,Mercenary,Hands,Rare,Base roll,275,1,
veteran-helmet-1130101,veteran-helmet,Veteran Helmet,armor,Mercenary,Head,Rare,Aegis,300,0,
veteran-helmet-1130102,veteran-helmet,Veteran Helmet,armor,Mercenary,Head,Rare,Tenacious,300,0,
veteran-helmet-1130103,veteran-helmet,Veteran Helmet,armor,Mercenary,Head,Rare,Bulwark,300,0,
veteran-helmet-1130104,veteran-helmet,Veteran Helmet,armor,Mercenary,Head,Rare,Resilience,300,0,
veteran-helmet-1130105,veteran-helmet,Veteran Helmet,armor,Mercenary,Head,Rare,Stoic,300,0,
veteran-helmet-1130106,veteran-helmet,Veteran Helmet,armor,Mercenary,Head,Rare,Brotherhood,300,0,
veteran-helmet-1130107,veteran-helmet,Veteran Helmet,armor,Mercenary,Head,Rare,Seeker,300,0,
veteran-helmet-1130108,veteran-helmet,Veteran Helmet,armor,Mercenary,Head,Rare,Base roll,275,1,
veteran-helmet-1130109,veteran-helmet,Veteran Helmet,armor,Mercenary,Head,Rare,Base roll,275,1,
veteran-pants-1430101,veteran-pants,Veteran Pants,armor,Mercenary,Legs,Rare,Aegis,300,0,
veteran-pants-1430102,veteran-pants,Veteran Pants,armor,Mercenary,Legs,Rare,Tenacious,300,0,
veteran-pants-1430103,veteran-pants,Veteran Pants,armor,Mercenary,Legs,Rare,Bulwark,300,0,
veteran-pants-1430104,veteran-pants,Veteran Pants,armor,Mercenary,Legs,Rare,Iron Helmet,300,0,
veteran-pants-1430105,veteran-pants,Veteran Pants,armor,Mercenary,Legs,Rare,Stoic,300,0,
veteran-pants-1430106,veteran-pants,Veteran Pants,armor,Mercenary,Legs,Rare,Distant Ward,300,0,
veteran-pants-1430107,veteran-pants,Veteran Pants,armor,Mercenary,Legs,Rare,Elusive,300,0,
veteran-pants-1430108,veteran-pants,Veteran Pants,armor,Mercenary,Legs,Rare,Base roll,275,1,
veteran-pants-1430109,veteran-pants,Veteran Pants,armor,Mercenary,Legs,Rare,Base roll,275,1,
warrior-pendant-1630301,warrior-pendant,Warrior Pendant,armor,Any,Necklace,Rare,Base roll,275,1,agate
warrior-pendant-1630302,warrior-pendant,Warrior Pendant,armor,Any,Necklace,Rare,Base roll,275,1,amethyst
warrior-pendant-1630303,warrior-pendant,Warrior Pendant,armor,Any,Necklace,Rare,Base roll,275,1,universal
woodling-guardian-ring-1740101,woodling-guardian-ring,Woodling Guardian Ring,armor,Any,Ring,Excellent,Base roll,350,2,"agate,moonstone"
woodling-guardian-ring-1740102,woodling-guardian-ring,Woodling Guardian Ring,armor,Any,Ring,Excellent,Base roll,350,2,"amethyst,peridot"
woodling-guardian-ring-1740103,woodling-guardian-ring,Woodling Guardian Ring,armor,Any,Ring,Excellent,Base roll,350,2,"universal,agate"
absolution-3060801,absolution,Absolution,weapon,Seer,Weapon,Legendary,Strife,525,2,
absolution-3060802,absolution,Absolution,weapon,Seer,Weapon,Legendary,Fervid,525,2,
absolution-3060803,absolution,Absolution,weapon,Seer,Weapon,Legendary,Seeker,525,2,
absolution-3060804,absolution,Absolution,weapon,Seer,Weapon,Legendary,Fervor,525,2,
absolution-3060805,absolution,Absolution,weapon,Seer,Weapon,Legendary,Smiting,525,2,
absolution-3060806,absolution,Absolution,weapon,Seer,Weapon,Legendary,Elusive,525,2,
absolution-3060807,absolution,Absolution,weapon,Seer,Weapon,Legendary,Blessing,525,2,
absolution-3060808,absolution,Absolution,weapon,Seer,Weapon,Legendary,Base roll,500,3,
absolution-3060809,absolution,Absolution,weapon,Seer,Weapon,Legendary,Base roll,500,3,
antique-mace-3040801,antique-mace,Antique Mace,weapon,Seer,Weapon,Excellent,Strife,375,1,
antique-mace-3040802,antique-mace,Antique Mace,weapon,Seer,Weapon,Excellent,Fervid,375,1,
antique-mace-3040803,antique-mace,Antique Mace,weapon,Seer,Weapon,Excellent,Seeker,375,1,
antique-mace-3040804,antique-mace,Antique Mace,weapon,Seer,Weapon,Excellent,Fervor,375,1,
antique-mace-3040805,antique-mace,Antique Mace,weapon,Seer,Weapon,Excellent,Smiting,375,1,
antique-mace-3040806,antique-mace,Antique Mace,weapon,Seer,Weapon,Excellent,Elusive,375,1,
antique-mace-3040807,antique-mace,Antique Mace,weapon,Seer,Weapon,Excellent,Blessing,375,1,
antique-mace-3040808,antique-mace,Antique Mace,weapon,Seer,Weapon,Excellent,Base roll,350,2,
antique-mace-3040809,antique-mace,Antique Mace,weapon,Seer,Weapon,Excellent,Base roll,350,2,
apprentice-staff-3020301,apprentice-staff,Apprentice Staff,weapon,Sorcerer,Weapon,Common,Base roll,200,,
arcane-elixir-catalyst-3040701,arcane-elixir-catalyst,Arcane Elixir Catalyst,weapon,Seer,Weapon,Excellent,Brotherhood,375,1,
arcane-elixir-catalyst-3040702,arcane-elixir-catalyst,Arcane Elixir Catalyst,weapon,Seer,Weapon,Excellent,Spirit Shield,375,1,
arcane-elixir-catalyst-3040703,arcane-elixir-catalyst,Arcane Elixir Catalyst,weapon,Seer,Weapon,Excellent,Fervid,375,1,
arcane-elixir-catalyst-3040704,arcane-elixir-catalyst,Arcane Elixir Catalyst,weapon,Seer,Weapon,Excellent,Seeker,375,1,
arcane-elixir-catalyst-3040705,arcane-elixir-catalyst,Arcane Elixir Catalyst,weapon,Seer,Weapon,Excellent,Ranged,375,1,
arcane-elixir-catalyst-3040706,arcane-elixir-catalyst,Arcane Elixir Catalyst,weapon,Seer,Weapon,Excellent,Eloquence,375,1,
arcane-elixir-catalyst-3040707,arcane-elixir-catalyst,Arcane Elixir Catalyst,weapon,Seer,Weapon,Excellent,Creation,375,1,
arcane-elixir-catalyst-3040708,arcane-elixir-catalyst,Arcane Elixir Catalyst,weapon,Seer,Weapon,Excellent,Base roll,350,2,
arcane-elixir-catalyst-3040709,arcane-elixir-catalyst,Arcane Elixir Catalyst,weapon,Seer,Weapon,Excellent,Base roll,350,2,
beast-spirit-catalyst-3030701,beast-spirit-catalyst,Beast Spirit Catalyst,weapon,Seer,Weapon,Rare,Brotherhood,300,0,
beast-spirit-catalyst-3030702,beast-spirit-catalyst,Beast Spirit Catalyst,weapon,Seer,Weapon,Rare,Spirit Shield,300,0,
beast-spirit-catalyst-3030703,beast-spirit-catalyst,Beast Spirit Catalyst,weapon,Seer,Weapon,Rare,Fervid,300,0,
beast-spirit-catalyst-3030704,beast-spirit-catalyst,Beast Spirit Catalyst,weapon,Seer,Weapon,Rare,Seeker,300,0,
beast-spirit-catalyst-3030705,beast-spirit-catalyst,Beast Spirit Catalyst,weapon,Seer,Weapon,Rare,Ranged,300,0,
beast-spirit-catalyst-3030706,beast-spirit-catalyst,Beast Spirit Catalyst,weapon,Seer,Weapon,Rare,Eloquence,300,0,
beast-spirit-catalyst-3030707,beast-spirit-catalyst,Beast Spirit Catalyst,weapon,Seer,Weapon,Rare,Creation,300,0,
beast-spirit-catalyst-3030708,beast-spirit-catalyst,Beast Spirit Catalyst,weapon,Seer,Weapon,Rare,Base roll,275,1,
beast-spirit-catalyst-3030709,beast-spirit-catalyst,Beast Spirit Catalyst,weapon,Seer,Weapon,Rare,Base roll,275,1,
blade-of-destined-death-3050601,blade-of-destined-death,Blade of Destined Death,weapon,Shadowstrix,Weapon,Epic,Wrath,450,1,agate2
blade-of-destined-death-3050602,blade-of-destined-death,Blade of Destined Death,weapon,Shadowstrix,Weapon,Epic,Seeker,450,1,amethyst2
blade-of-destined-death-3050603,blade-of-destined-death,Blade of Destined Death,weapon,Shadowstrix,Weapon,Epic,Fervor,450,1,peridot2
blade-of-destined-death-3050604,blade-of-destined-death,Blade of Destined Death,weapon,Shadowstrix,Weapon,Epic,Smiting,450,1,amethyst2
blade-of-destined-death-3050605,blade-of-destined-death,Blade of Destined Death,weapon,Shadowstrix,Weapon,Epic,Vitality,450,1,moonstone2
blade-of-destined-death-3050606,blade-of-destined-death,Blade of Destined Death,weapon,Shadowstrix,Weapon,Epic,Elusive,450,1,peridot2
blade-of-destined-death-3050607,blade-of-destined-death,Blade of Destined Death,weapon,Shadowstrix,Weapon,Epic,Curse,450,1,agate2
blade-of-destined-death-3050608,blade-of-destined-death,Blade of Destined Death,weapon,Shadowstrix,Weapon,Epic,Base roll,425,2,"peridot2,amethyst"
blade-of-destined-death-3050609,blade-of-destined-death,Blade of Destined Death,weapon,Shadowstrix,Weapon,Epic,Base roll,425,2,"agate2,moonstone"
blind-eye-staff-3060301,blind-eye-staff,Blind Eye Staff,weapon,Sorcerer,Weapon,Legendary,Fervor,525,2,"agate2,peridot"
blind-eye-staff-3060302,blind-eye-staff,Blind Eye Staff,weapon,Sorcerer,Weapon,Legendary,Fervid,525,2,"peridot2,agate"
blind-eye-staff-3060303,blind-eye-staff,Blind Eye Staff,weapon,Sorcerer,Weapon,Legendary,Seeker,525,2,"moonstone2,amethyst"
blind-eye-staff-3060304,blind-eye-staff,Blind Eye Staff,weapon,Sorcerer,Weapon,Legendary,Ranged,525,2,"amethyst2,moonstone"
blind-eye-staff-3060305,blind-eye-staff,Blind Eye Staff,weapon,Sorcerer,Weapon,Legendary,Eloquence,525,2,"moonstone2,peridot"
blind-eye-staff-3060306,blind-eye-staff,Blind Eye Staff,weapon,Sorcerer,Weapon,Legendary,Vitality,525,2,"peridot2,amethyst"
blind-eye-staff-3060307,blind-eye-staff,Blind Eye Staff,weapon,Sorcerer,Weapon,Legendary,Swift,525,2,"amethyst2,agate"
blind-eye-staff-3060308,blind-eye-staff,Blind Eye Staff,weapon,Sorcerer,Weapon,Legendary,Base roll,500,3,"agate2,moonstone,peridot"
blind-eye-staff-3060309,blind-eye-staff,Blind Eye Staff,weapon,Sorcerer,Weapon,Legendary,Base roll,500,3,"peridot2,amethyst,moonstone"
bond-of-friendship-3060101,bond-of-friendship,Bond of Friendship,weapon,Mercenary,Weapon,Legendary,Aegis,525,2,
bond-of-friendship-3060102,bond-of-friendship,Bond of Friendship,weapon,Mercenary,Weapon,Legendary,Tenacious,525,2,
bond-of-friendship-3060103,bond-of-friendship,Bond of Friendship,weapon,Mercenary,Weapon,Legendary,Bulwark,525,2,
bond-of-friendship-3060104,bond-of-friendship,Bond of Friendship,weapon,Mercenary,Weapon,Legendary,Stoic,525,2,
bond-of-friendship-3060105,bond-of-friendship,Bond of Friendship,weapon,Mercenary,Weapon,Legendary,Strife,525,2,
bond-of-friendship-3060106,bond-of-friendship,Bond of Friendship,weapon,Mercenary,Weapon,Legendary,Wrath,525,2,
bond-of-friendship-3060107,bond-of-friendship,Bond of Friendship,weapon,Mercenary,Weapon,Legendary,Vitality,525,2,
bond-of-friendship-3060108,bond-of-friendship,Bond of Friendship,weapon,Mercenary,Weapon,Legendary,Base roll,500,3,
bond-of-friendship-3060109,bond-of-friendship,Bond of Friendship,weapon,Mercenary,Weapon,Legendary,Base roll,500,3,
byrness-ash-urn-3060701,byrness-ash-urn,Byrnes's Ash Urn,weapon,Seer,Weapon,Legendary,Brotherhood,525,2,
byrness-ash-urn-3060702,byrness-ash-urn,Byrnes's Ash Urn,weapon,Seer,Weapon,Legendary,Spirit Shield,525,2,
byrness-ash-urn-3060703,byrness-ash-urn,Byrnes's Ash Urn,weapon,Seer,Weapon,Legendary,Fervid,525,2,
byrness-ash-urn-3060704,byrness-ash-urn,Byrnes's Ash Urn,weapon,Seer,Weapon,Legendary,Seeker,525,2,
byrness-ash-urn-3060705,byrness-ash-urn,Byrnes's Ash Urn,weapon,Seer,Weapon,Legendary,Ranged,525,2,
byrness-ash-urn-3060706,byrness-ash-urn,Byrnes's Ash Urn,weapon,Seer,Weapon,Legendary,Eloquence,525,2,
byrness-ash-urn-3060707,byrness-ash-urn,Byrnes's Ash Urn,weapon,Seer,Weapon,Legendary,Creation,525,2,
byrness-ash-urn-3060708,byrness-ash-urn,Byrnes's Ash Urn,weapon,Seer,Weapon,Legendary,Base roll,500,3,
byrness-ash-urn-3060709,byrness-ash-urn,Byrnes's Ash Urn,weapon,Seer,Weapon,Legendary,Base roll,500,3,
carved-dagger-3020501,carved-dagger,Carved Dagger,weapon,Shadowstrix,Weapon,Common,Base roll,200,,
commander-sword-and-shield-3050101,commander-sword-and-shield,Commander Sword and Shield,weapon,Mercenary,Weapon,Epic,Aegis,450,1,
commander-sword-and-shield-3050102,commander-sword-and-shield,Commander Sword and Shield,weapon,Mercenary,Weapon,Epic,Tenacious,450,1,
commander-sword-and-shield-3050103,commander-sword-and-shield,Commander Sword and Shield,weapon,Mercenary,Weapon,Epic,Bulwark,450,1,
commander-sword-and-shield-3050104,commander-sword-and-shield,Commander Sword and Shield,weapon,Mercenary,Weapon,Epic,Stoic,450,1,
commander-sword-and-shield-3050105,commander-sword-and-shield,Commander Sword and Shield,weapon,Mercenary,Weapon,Epic,Strife,450,1,
commander-sword-and-shield-3050106,commander-sword-and-shield,Commander Sword and Shield,weapon,Mercenary,Weapon,Epic,Wrath,450,1,
commander-sword-and-shield-3050107,commander-sword-and-shield,Commander Sword and Shield,weapon,Mercenary,Weapon,Epic,Vitality,450,1,
commander-sword-and-shield-3050108,commander-sword-and-shield,Commander Sword and Shield,weapon,Mercenary,Weapon,Epic,Base roll,425,2,
commander-sword-and-shield-3050109,commander-sword-and-shield,Commander Sword and Shield,weapon,Mercenary,Weapon,Epic,Base roll,425,2,
convergence-staff-3040301,convergence-staff,Convergence Staff,weapon,Sorcerer,Weapon,Excellent,Fervor,375,1,peridot
convergence-staff-3040302,convergence-staff,Convergence Staff,weapon,Sorcerer,Weapon,Excellent,Fervid,375,1,agate
convergence-staff-3040303,convergence-staff,Convergence Staff,weapon,Sorcerer,Weapon,Excellent,Seeker,375,1,amethyst
convergence-staff-3040304,convergence-staff,Convergence Staff,weapon,Sorcerer,Weapon,Excellent,Ranged,375,1,moonstone
convergence-staff-3040305,convergence-staff,Convergence Staff,weapon,Sorcerer,Weapon,Excellent,Eloquence,375,1,agate
convergence-staff-3040306,convergence-staff,Convergence Staff,weapon,Sorcerer,Weapon,Excellent,Vitality,375,1,peridot
convergence-staff-3040307,convergence-staff,Convergence Staff,weapon,Sorcerer,Weapon,Excellent,Swift,375,1,amethyst
convergence-staff-3040308,convergence-staff,Convergence Staff,weapon,Sorcerer,Weapon,Excellent,Base roll,350,2,"amethyst,moonstone"
convergence-staff-3040309,convergence-staff,Convergence Staff,weapon,Sorcerer,Weapon,Excellent,Base roll,350,2,"agate,moonstone"
crude-hammer-3020201,crude-hammer,Crude Hammer,weapon,Mercenary,Weapon,Common,Base roll,200,,
crusader-strongbow-3050401,crusader-strongbow,Crusader Strongbow,weapon,Blackarrow,Weapon,Epic,Sky Piercer,450,1,
crusader-strongbow-3050402,crusader-strongbow,Crusader Strongbow,weapon,Blackarrow,Weapon,Epic,Fervid,450,1,
crusader-strongbow-3050403,crusader-strongbow,Crusader Strongbow,weapon,Blackarrow,Weapon,Epic,Seeker,450,1,
crusader-strongbow-3050404,crusader-strongbow,Crusader Strongbow,weapon,Blackarrow,Weapon,Epic,Ranged,450,1,
crusader-strongbow-3050405,crusader-strongbow,Crusader Strongbow,weapon,Blackarrow,Weapon,Epic,Vitality,450,1,
crusader-strongbow-3050406,crusader-strongbow,Crusader Strongbow,weapon,Blackarrow,Weapon,Epic,Curse,450,1,
crusader-strongbow-3050407,crusader-strongbow,Crusader Strongbow,weapon,Blackarrow,Weapon,Epic,Focused,450,1,
crusader-strongbow-3050408,crusader-strongbow,Crusader Strongbow,weapon,Blackarrow,Weapon,Epic,Base roll,425,2,
crusader-strongbow-3050409,crusader-strongbow,Crusader Strongbow,weapon,Blackarrow,Weapon,Epic,Base roll,425,2,
deathclaw-hunter-3060401,deathclaw-hunter,Deathclaw Hunter,weapon,Blackarrow,Weapon,Legendary,Sky Piercer,525,2,
deathclaw-hunter-3060402,deathclaw-hunter,Deathclaw Hunter,weapon,Blackarrow,Weapon,Legendary,Fervid,525,2,
deathclaw-hunter-3060403,deathclaw-hunter,Deathclaw Hunter,weapon,Blackarrow,Weapon,Legendary,Seeker,525,2,
deathclaw-hunter-3060404,deathclaw-hunter,Deathclaw Hunter,weapon,Blackarrow,Weapon,Legendary,Ranged,525,2,
deathclaw-hunter-3060405,deathclaw-hunter,Deathclaw Hunter,weapon,Blackarrow,Weapon,Legendary,Vitality,525,2,
deathclaw-hunter-3060406,deathclaw-hunter,Deathclaw Hunter,weapon,Blackarrow,Weapon,Legendary,Curse,525,2,
deathclaw-hunter-3060407,deathclaw-hunter,Deathclaw Hunter,weapon,Blackarrow,Weapon,Legendary,Focused,525,2,
deathclaw-hunter-3060408,deathclaw-hunter,Deathclaw Hunter,weapon,Blackarrow,Weapon,Legendary,Base roll,500,3,
deathclaw-hunter-3060409,deathclaw-hunter,Deathclaw Hunter,weapon,Blackarrow,Weapon,Legendary,Base roll,500,3,
empyrean-rain-staff-3050301,empyrean-rain-staff,Empyrean Rain Staff,weapon,Sorcerer,Weapon,Epic,Fervor,450,1,amethyst2
empyrean-rain-staff-3050302,empyrean-rain-staff,Empyrean Rain Staff,weapon,Sorcerer,Weapon,Epic,Fervid,450,1,moonstone2
empyrean-rain-staff-3050303,empyrean-rain-staff,Empyrean Rain Staff,weapon,Sorcerer,Weapon,Epic,Seeker,450,1,agate2
empyrean-rain-staff-3050304,empyrean-rain-staff,Empyrean Rain Staff,weapon,Sorcerer,Weapon,Epic,Ranged,450,1,peridot2
empyrean-rain-staff-3050305,empyrean-rain-staff,Empyrean Rain Staff,weapon,Sorcerer,Weapon,Epic,Eloquence,450,1,agate2
empyrean-rain-staff-3050306,empyrean-rain-staff,Empyrean Rain Staff,weapon,Sorcerer,Weapon,Epic,Vitality,450,1,peridot2
empyrean-rain-staff-3050307,empyrean-rain-staff,Empyrean Rain Staff,weapon,Sorcerer,Weapon,Epic,Swift,450,1,moonstone2
empyrean-rain-staff-3050308,empyrean-rain-staff,Empyrean Rain Staff,weapon,Sorcerer,Weapon,Epic,Base roll,425,2,"amethyst2,agate"
empyrean-rain-staff-3050309,empyrean-rain-staff,Empyrean Rain Staff,weapon,Sorcerer,Weapon,Epic,Base roll,425,2,"moonstone2,amethyst"
executioner-greatsword-3030901,executioner-greatsword,Executioner Greatsword,weapon,Withered Knight,Weapon,Rare,Stoic,300,0,
executioner-greatsword-3030902,executioner-greatsword,Executioner Greatsword,weapon,Withered Knight,Weapon,Rare,Wrath,300,0,
executioner-greatsword-3030903,executioner-greatsword,Executioner Greatsword,weapon,Withered Knight,Weapon,Rare,Fervid,300,0,
executioner-greatsword-3030904,executioner-greatsword,Executioner Greatsword,weapon,Withered Knight,Weapon,Rare,Smiting,300,0,
executioner-greatsword-3030905,executioner-greatsword,Executioner Greatsword,weapon,Withered Knight,Weapon,Rare,Vitality,300,0,
executioner-greatsword-3030906,executioner-greatsword,Executioner Greatsword,weapon,Withered Knight,Weapon,Rare,Curse,300,0,
executioner-greatsword-3030907,executioner-greatsword,Executioner Greatsword,weapon,Withered Knight,Weapon,Rare,Strife,300,0,
executioner-greatsword-3030908,executioner-greatsword,Executioner Greatsword,weapon,Withered Knight,Weapon,Rare,Base roll,275,1,
executioner-greatsword-3030909,executioner-greatsword,Executioner Greatsword,weapon,Withered Knight,Weapon,Rare,Base roll,275,1,
exile-greatsword-3040901,exile-greatsword,Exile Greatsword,weapon,Withered Knight,Weapon,Excellent,Stoic,375,1,
exile-greatsword-3040902,exile-greatsword,Exile Greatsword,weapon,Withered Knight,Weapon,Excellent,Wrath,375,1,
exile-greatsword-3040903,exile-greatsword,Exile Greatsword,weapon,Withered Knight,Weapon,Excellent,Fervid,375,1,
exile-greatsword-3040904,exile-greatsword,Exile Greatsword,weapon,Withered Knight,Weapon,Excellent,Smiting,375,1,
exile-greatsword-3040905,exile-greatsword,Exile Greatsword,weapon,Withered Knight,Weapon,Excellent,Vitality,375,1,
exile-greatsword-3040906,exile-greatsword,Exile Greatsword,weapon,Withered Knight,Weapon,Excellent,Curse,375,1,
exile-greatsword-3040907,exile-greatsword,Exile Greatsword,weapon,Withered Knight,Weapon,Excellent,Strife,375,1,
exile-greatsword-3040908,exile-greatsword,Exile Greatsword,weapon,Withered Knight,Weapon,Excellent,Base roll,350,2,
exile-greatsword-3040909,exile-greatsword,Exile Greatsword,weapon,Withered Knight,Weapon,Excellent,Base roll,350,2,
faded-apprentice-staff-3010301,faded-apprentice-staff,Faded Apprentice Staff,weapon,Sorcerer,Weapon,Damaged,Base roll,100,,
fang-piercer-dagger-3030501,fang-piercer-dagger,Fang-Piercer Dagger,weapon,Shadowstrix,Weapon,Rare,Fervid,300,0,
fang-piercer-dagger-3030502,fang-piercer-dagger,Fang-Piercer Dagger,weapon,Shadowstrix,Weapon,Rare,Seeker,300,0,
fang-piercer-dagger-3030503,fang-piercer-dagger,Fang-Piercer Dagger,weapon,Shadowstrix,Weapon,Rare,Fervor,300,0,
fang-piercer-dagger-3030504,fang-piercer-dagger,Fang-Piercer Dagger,weapon,Shadowstrix,Weapon,Rare,Smiting,300,0,
fang-piercer-dagger-3030505,fang-piercer-dagger,Fang-Piercer Dagger,weapon,Shadowstrix,Weapon,Rare,Vitality,300,0,
fang-piercer-dagger-3030506,fang-piercer-dagger,Fang-Piercer Dagger,weapon,Shadowstrix,Weapon,Rare,Deft,300,0,
fang-piercer-dagger-3030507,fang-piercer-dagger,Fang-Piercer Dagger,weapon,Shadowstrix,Weapon,Rare,Blessing,300,0,
fang-piercer-dagger-3030508,fang-piercer-dagger,Fang-Piercer Dagger,weapon,Shadowstrix,Weapon,Rare,Base roll,275,1,
fang-piercer-dagger-3030509,fang-piercer-dagger,Fang-Piercer Dagger,weapon,Shadowstrix,Weapon,Rare,Base roll,275,1,
fine-iron-sword-and-shield-3030101,fine-iron-sword-and-shield,Fine Iron Sword and Shield,weapon,Mercenary,Weapon,Rare,Aegis,300,0,
fine-iron-sword-and-shield-3030102,fine-iron-sword-and-shield,Fine Iron Sword and Shield,weapon,Mercenary,Weapon,Rare,Tenacious,300,0,
fine-iron-sword-and-shield-3030103,fine-iron-sword-and-shield,Fine Iron Sword and Shield,weapon,Mercenary,Weapon,Rare,Bulwark,300,0,
fine-iron-sword-and-shield-3030104,fine-iron-sword-and-shield,Fine Iron Sword and Shield,weapon,Mercenary,Weapon,Rare,Stoic,300,0,
fine-iron-sword-and-shield-3030105,fine-iron-sword-and-shield,Fine Iron Sword and Shield,weapon,Mercenary,Weapon,Rare,Strife,300,0,
fine-iron-sword-and-shield-3030106,fine-iron-sword-and-shield,Fine Iron Sword and Shield,weapon,Mercenary,Weapon,Rare,Wrath,300,0,
fine-iron-sword-and-shield-3030107,fine-iron-sword-and-shield,Fine Iron Sword and Shield,weapon,Mercenary,Weapon,Rare,Vitality,300,0,
fine-iron-sword-and-shield-3030108,fine-iron-sword-and-shield,Fine Iron Sword and Shield,weapon,Mercenary,Weapon,Rare,Base roll,275,1,
fine-iron-sword-and-shield-3030109,fine-iron-sword-and-shield,Fine Iron Sword and Shield,weapon,Mercenary,Weapon,Rare,Base roll,275,1,
focus-staff-3030301,focus-staff,Focus Staff,weapon,Sorcerer,Weapon,Rare,Fervor,300,0,none
focus-staff-3030302,focus-staff,Focus Staff,weapon,Sorcerer,Weapon,Rare,Fervid,300,0,none
focus-staff-3030303,focus-staff,Focus Staff,weapon,Sorcerer,Weapon,Rare,Seeker,300,0,none
focus-staff-3030304,focus-staff,Focus Staff,weapon,Sorcerer,Weapon,Rare,Ranged,300,0,none
focus-staff-3030305,focus-staff,Focus Staff,weapon,Sorcerer,Weapon,Rare,Eloquence,300,0,none
focus-staff-3030306,focus-staff,Focus Staff,weapon,Sorcerer,Weapon,Rare,Vitality,300,0,none
focus-staff-3030307,focus-staff,Focus Staff,weapon,Sorcerer,Weapon,Rare,Swift,300,0,none
focus-staff-3030308,focus-staff,Focus Staff,weapon,Sorcerer,Weapon,Rare,Base roll,275,1,peridot
focus-staff-3030309,focus-staff,Focus Staff,weapon,Sorcerer,Weapon,Rare,Base roll,275,1,agate
gem-lizard-dagger-3050501,gem-lizard-dagger,Gem Lizard Dagger,weapon,Shadowstrix,Weapon,Epic,Fervid,450,1,agate2
gem-lizard-dagger-3050502,gem-lizard-dagger,Gem Lizard Dagger,weapon,Shadowstrix,Weapon,Epic,Seeker,450,1,peridot2
gem-lizard-dagger-3050503,gem-lizard-dagger,Gem Lizard Dagger,weapon,Shadowstrix,Weapon,Epic,Fervor,450,1,moonstone2
gem-lizard-dagger-3050504,gem-lizard-dagger,Gem Lizard Dagger,weapon,Shadowstrix,Weapon,Epic,Smiting,450,1,amethyst2
gem-lizard-dagger-3050505,gem-lizard-dagger,Gem Lizard Dagger,weapon,Shadowstrix,Weapon,Epic,Vitality,450,1,amethyst2
gem-lizard-dagger-3050506,gem-lizard-dagger,Gem Lizard Dagger,weapon,Shadowstrix,Weapon,Epic,Deft,450,1,
gem-lizard-dagger-3050507,gem-lizard-dagger,Gem Lizard Dagger,weapon,Shadowstrix,Weapon,Epic,Blessing,450,1,agate2
gem-lizard-dagger-3050508,gem-lizard-dagger,Gem Lizard Dagger,weapon,Shadowstrix,Weapon,Epic,Base roll,425,2,"moonstone2,agate"
gem-lizard-dagger-3050509,gem-lizard-dagger,Gem Lizard Dagger,weapon,Shadowstrix,Weapon,Epic,Base roll,425,2,"moonstone2,peridot"
guard-polearm-and-shield-3031001,guard-polearm-and-shield,Guard Polearm and Shield,weapon,Withered Knight,Weapon,Rare,Unyielding,300,0,
guard-polearm-and-shield-3031002,guard-polearm-and-shield,Guard Polearm and Shield,weapon,Withered Knight,Weapon,Rare,Tenacious,300,0,
guard-polearm-and-shield-3031003,guard-polearm-and-shield,Guard Polearm and Shield,weapon,Withered Knight,Weapon,Rare,Bulwark,300,0,
guard-polearm-and-shield-3031004,guard-polearm-and-shield,Guard Polearm and Shield,weapon,Withered Knight,Weapon,Rare,Distant Ward,300,0,
guard-polearm-and-shield-3031005,guard-polearm-and-shield,Guard Polearm and Shield,weapon,Withered Knight,Weapon,Rare,Brotherhood,300,0,
guard-polearm-and-shield-3031006,guard-polearm-and-shield,Guard Polearm and Shield,weapon,Withered Knight,Weapon,Rare,Spirit Shield,300,0,
guard-polearm-and-shield-3031007,guard-polearm-and-shield,Guard Polearm and Shield,weapon,Withered Knight,Weapon,Rare,Fervor,300,0,
guard-polearm-and-shield-3031008,guard-polearm-and-shield,Guard Polearm and Shield,weapon,Withered Knight,Weapon,Rare,Base roll,275,1,
guard-polearm-and-shield-3031009,guard-polearm-and-shield,Guard Polearm and Shield,weapon,Withered Knight,Weapon,Rare,Base roll,275,1,
handcrafted-longbow-3020401,handcrafted-longbow,Handcrafted Longbow,weapon,Blackarrow,Weapon,Common,Base roll,200,,
insatiable-heart-cornered-beast-bow-3070601,insatiable-heart-cornered-beast-bow,Insatiable Heart - Cornered Beast Bow,weapon,Blackarrow,Weapon,Holy,Sky Piercer,625,,
insatiable-heart-cornered-beast-bow-3070602,insatiable-heart-cornered-beast-bow,Insatiable Heart - Cornered Beast Bow,weapon,Blackarrow,Weapon,Holy,Fervid,625,,
insatiable-heart-cornered-beast-bow-3070603,insatiable-heart-cornered-beast-bow,Insatiable Heart - Cornered Beast Bow,weapon,Blackarrow,Weapon,Holy,Seeker,625,,
insatiable-heart-cornered-beast-bow-3070604,insatiable-heart-cornered-beast-bow,Insatiable Heart - Cornered Beast Bow,weapon,Blackarrow,Weapon,Holy,Ranged,625,,
insatiable-heart-cornered-beast-bow-3070605,insatiable-heart-cornered-beast-bow,Insatiable Heart - Cornered Beast Bow,weapon,Blackarrow,Weapon,Holy,Vitality,625,,
insatiable-heart-cornered-beast-bow-3070606,insatiable-heart-cornered-beast-bow,Insatiable Heart - Cornered Beast Bow,weapon,Blackarrow,Weapon,Holy,Curse,625,,
insatiable-heart-cornered-beast-bow-3070607,insatiable-heart-cornered-beast-bow,Insatiable Heart - Cornered Beast Bow,weapon,Blackarrow,Weapon,Holy,Focused,625,,
insatiable-heart-cornered-beast-bow-3070608,insatiable-heart-cornered-beast-bow,Insatiable Heart - Cornered Beast Bow,weapon,Blackarrow,Weapon,Holy,Base roll,600,,
insatiable-heart-cornered-beast-bow-3070609,insatiable-heart-cornered-beast-bow,Insatiable Heart - Cornered Beast Bow,weapon,Blackarrow,Weapon,Holy,Base roll,600,,
insatiable-heart-demolisher-3070201,insatiable-heart-demolisher,Insatiable Heart - Demolisher,weapon,Mercenary,Weapon,Holy,Strife,625,,
insatiable-heart-demolisher-3070202,insatiable-heart-demolisher,Insatiable Heart - Demolisher,weapon,Mercenary,Weapon,Holy,Elusive,625,,
insatiable-heart-demolisher-3070203,insatiable-heart-demolisher,Insatiable Heart - Demolisher,weapon,Mercenary,Weapon,Holy,Wrath,625,,
insatiable-heart-demolisher-3070204,insatiable-heart-demolisher,Insatiable Heart - Demolisher,weapon,Mercenary,Weapon,Holy,Unyielding,625,,
insatiable-heart-demolisher-3070205,insatiable-heart-demolisher,Insatiable Heart - Demolisher,weapon,Mercenary,Weapon,Holy,Smiting,625,,
insatiable-heart-demolisher-3070206,insatiable-heart-demolisher,Insatiable Heart - Demolisher,weapon,Mercenary,Weapon,Holy,Wealth,625,,
insatiable-heart-demolisher-3070207,insatiable-heart-demolisher,Insatiable Heart - Demolisher,weapon,Mercenary,Weapon,Holy,Focused,625,,
insatiable-heart-demolisher-3070208,insatiable-heart-demolisher,Insatiable Heart - Demolisher,weapon,Mercenary,Weapon,Holy,Base roll,600,,
insatiable-heart-demolisher-3070209,insatiable-heart-demolisher,Insatiable Heart - Demolisher,weapon,Mercenary,Weapon,Holy,Base roll,600,,
insatiable-heart-everburn-3071301,insatiable-heart-everburn,Insatiable Heart - Everburn,weapon,Withered Knight,Weapon,Holy,Unyielding,625,,
insatiable-heart-everburn-3071302,insatiable-heart-everburn,Insatiable Heart - Everburn,weapon,Withered Knight,Weapon,Holy,Tenacious,625,,
insatiable-heart-everburn-3071303,insatiable-heart-everburn,Insatiable Heart - Everburn,weapon,Withered Knight,Weapon,Holy,Bulwark,625,,
insatiable-heart-everburn-3071304,insatiable-heart-everburn,Insatiable Heart - Everburn,weapon,Withered Knight,Weapon,Holy,Distant Ward,625,,
insatiable-heart-everburn-3071305,insatiable-heart-everburn,Insatiable Heart - Everburn,weapon,Withered Knight,Weapon,Holy,Brotherhood,625,,
insatiable-heart-everburn-3071306,insatiable-heart-everburn,Insatiable Heart - Everburn,weapon,Withered Knight,Weapon,Holy,Spirit Shield,625,,
insatiable-heart-everburn-3071307,insatiable-heart-everburn,Insatiable Heart - Everburn,weapon,Withered Knight,Weapon,Holy,Fervor,625,,
insatiable-heart-everburn-3071308,insatiable-heart-everburn,Insatiable Heart - Everburn,weapon,Withered Knight,Weapon,Holy,Base roll,600,,
insatiable-heart-everburn-3071309,insatiable-heart-everburn,Insatiable Heart - Everburn,weapon,Withered Knight,Weapon,Holy,Base roll,600,,
insatiable-heart-soulseeker-bow-3070501,insatiable-heart-soulseeker-bow,Insatiable Heart - Soulseeker Bow,weapon,Blackarrow,Weapon,Holy,Sky Piercer,625,,
insatiable-heart-soulseeker-bow-3070502,insatiable-heart-soulseeker-bow,Insatiable Heart - Soulseeker Bow,weapon,Blackarrow,Weapon,Holy,Fervid,625,,
insatiable-heart-soulseeker-bow-3070503,insatiable-heart-soulseeker-bow,Insatiable Heart - Soulseeker Bow,weapon,Blackarrow,Weapon,Holy,Seeker,625,,
insatiable-heart-soulseeker-bow-3070504,insatiable-heart-soulseeker-bow,Insatiable Heart - Soulseeker Bow,weapon,Blackarrow,Weapon,Holy,Ranged,625,,
insatiable-heart-soulseeker-bow-3070505,insatiable-heart-soulseeker-bow,Insatiable Heart - Soulseeker Bow,weapon,Blackarrow,Weapon,Holy,Vitality,625,,
insatiable-heart-soulseeker-bow-3070506,insatiable-heart-soulseeker-bow,Insatiable Heart - Soulseeker Bow,weapon,Blackarrow,Weapon,Holy,Curse,625,,
insatiable-heart-soulseeker-bow-3070507,insatiable-heart-soulseeker-bow,Insatiable Heart - Soulseeker Bow,weapon,Blackarrow,Weapon,Holy,Focused,625,,
insatiable-heart-soulseeker-bow-3070508,insatiable-heart-soulseeker-bow,Insatiable Heart - Soulseeker Bow,weapon,Blackarrow,Weapon,Holy,Base roll,600,,
insatiable-heart-soulseeker-bow-3070509,insatiable-heart-soulseeker-bow,Insatiable Heart - Soulseeker Bow,weapon,Blackarrow,Weapon,Holy,Base roll,600,,
magica-hammer-3040201,magica-hammer,Magica Hammer,weapon,Mercenary,Weapon,Excellent,Strife,375,1,
magica-hammer-3040202,magica-hammer,Magica Hammer,weapon,Mercenary,Weapon,Excellent,Elusive,375,1,
magica-hammer-3040203,magica-hammer,Magica Hammer,weapon,Mercenary,Weapon,Excellent,Wrath,375,1,
magica-hammer-3040204,magica-hammer,Magica Hammer,weapon,Mercenary,Weapon,Excellent,Unyielding,375,1,
magica-hammer-3040205,magica-hammer,Magica Hammer,weapon,Mercenary,Weapon,Excellent,Smiting,375,1,
magica-hammer-3040206,magica-hammer,Magica Hammer,weapon,Mercenary,Weapon,Excellent,Wealth,375,1,
magica-hammer-3040207,magica-hammer,Magica Hammer,weapon,Mercenary,Weapon,Excellent,Focused,375,1,
magica-hammer-3040208,magica-hammer,Magica Hammer,weapon,Mercenary,Weapon,Excellent,Base roll,350,2,
magica-hammer-3040209,magica-hammer,Magica Hammer,weapon,Mercenary,Weapon,Excellent,Base roll,350,2,
magical-knot-catalyst-3020701,magical-knot-catalyst,Magical Knot Catalyst,weapon,Seer,Weapon,Common,Base roll,200,,
mercy-3060901,mercy,Mercy,weapon,Withered Knight,Weapon,Legendary,Stoic,525,2,
mercy-3060902,mercy,Mercy,weapon,Withered Knight,Weapon,Legendary,Wrath,525,2,
mercy-3060903,mercy,Mercy,weapon,Withered Knight,Weapon,Legendary,Fervid,525,2,
mercy-3060904,mercy,Mercy,weapon,Withered Knight,Weapon,Legendary,Smiting,525,2,
mercy-3060905,mercy,Mercy,weapon,Withered Knight,Weapon,Legendary,Vitality,525,2,
mercy-3060906,mercy,Mercy,weapon,Withered Knight,Weapon,Legendary,Curse,525,2,
mercy-3060907,mercy,Mercy,weapon,Withered Knight,Weapon,Legendary,Strife,525,2,
mercy-3060908,mercy,Mercy,weapon,Withered Knight,Weapon,Legendary,Base roll,500,3,
mercy-3060909,mercy,Mercy,weapon,Withered Knight,Weapon,Legendary,Base roll,500,3,
military-hammer-3030201,military-hammer,Military Hammer,weapon,Mercenary,Weapon,Rare,Strife,300,0,
military-hammer-3030202,military-hammer,Military Hammer,weapon,Mercenary,Weapon,Rare,Elusive,300,0,
military-hammer-3030203,military-hammer,Military Hammer,weapon,Mercenary,Weapon,Rare,Wrath,300,0,
military-hammer-3030204,military-hammer,Military Hammer,weapon,Mercenary,Weapon,Rare,Unyielding,300,0,
military-hammer-3030205,military-hammer,Military Hammer,weapon,Mercenary,Weapon,Rare,Smiting,300,0,
military-hammer-3030206,military-hammer,Military Hammer,weapon,Mercenary,Weapon,Rare,Wealth,300,0,
military-hammer-3030207,military-hammer,Military Hammer,weapon,Mercenary,Weapon,Rare,Focused,300,0,
military-hammer-3030208,military-hammer,Military Hammer,weapon,Mercenary,Weapon,Rare,Base roll,275,1,
military-hammer-3030209,military-hammer,Military Hammer,weapon,Mercenary,Weapon,Rare,Base roll,275,1,
moon-deity-convergence-staff-3070401,moon-deity-convergence-staff,Moon Deity - Convergence Staff,weapon,Sorcerer,Weapon,Holy,Fervor,625,,
moon-deity-convergence-staff-3070402,moon-deity-convergence-staff,Moon Deity - Convergence Staff,weapon,Sorcerer,Weapon,Holy,Fervid,625,,
moon-deity-convergence-staff-3070403,moon-deity-convergence-staff,Moon Deity - Convergence Staff,weapon,Sorcerer,Weapon,Holy,Seeker,625,,
moon-deity-convergence-staff-3070404,moon-deity-convergence-staff,Moon Deity - Convergence Staff,weapon,Sorcerer,Weapon,Holy,Ranged,625,,
moon-deity-convergence-staff-3070405,moon-deity-convergence-staff,Moon Deity - Convergence Staff,weapon,Sorcerer,Weapon,Holy,Eloquence,625,,
moon-deity-convergence-staff-3070406,moon-deity-convergence-staff,Moon Deity - Convergence Staff,weapon,Sorcerer,Weapon,Holy,Vitality,625,,
moon-deity-convergence-staff-3070407,moon-deity-convergence-staff,Moon Deity - Convergence Staff,weapon,Sorcerer,Weapon,Holy,Swift,625,,
moon-deity-convergence-staff-3070408,moon-deity-convergence-staff,Moon Deity - Convergence Staff,weapon,Sorcerer,Weapon,Holy,Base roll,600,,
moon-deity-convergence-staff-3070409,moon-deity-convergence-staff,Moon Deity - Convergence Staff,weapon,Sorcerer,Weapon,Holy,Base roll,600,,
moon-deity-crescent-dagger-3070701,moon-deity-crescent-dagger,Moon Deity - Crescent Dagger,weapon,Shadowstrix,Weapon,Holy,Fervid,625,,"moonstone2,agate"
moon-deity-crescent-dagger-3070702,moon-deity-crescent-dagger,Moon Deity - Crescent Dagger,weapon,Shadowstrix,Weapon,Holy,Seeker,625,,"amethyst2,peridot"
moon-deity-crescent-dagger-3070703,moon-deity-crescent-dagger,Moon Deity - Crescent Dagger,weapon,Shadowstrix,Weapon,Holy,Fervor,625,,"peridot2,moonstone"
moon-deity-crescent-dagger-3070704,moon-deity-crescent-dagger,Moon Deity - Crescent Dagger,weapon,Shadowstrix,Weapon,Holy,Smiting,625,,"peridot2,moonstone"
moon-deity-crescent-dagger-3070705,moon-deity-crescent-dagger,Moon Deity - Crescent Dagger,weapon,Shadowstrix,Weapon,Holy,Vitality,625,,"amethyst2,moonstone"
moon-deity-crescent-dagger-3070706,moon-deity-crescent-dagger,Moon Deity - Crescent Dagger,weapon,Shadowstrix,Weapon,Holy,Deft,625,,"moonstone2,peridot"
moon-deity-crescent-dagger-3070707,moon-deity-crescent-dagger,Moon Deity - Crescent Dagger,weapon,Shadowstrix,Weapon,Holy,Blessing,625,,"peridot2,amethyst"
moon-deity-crescent-dagger-3070708,moon-deity-crescent-dagger,Moon Deity - Crescent Dagger,weapon,Shadowstrix,Weapon,Holy,Base roll,600,,"agate2,amethyst,moonstone"
moon-deity-crescent-dagger-3070709,moon-deity-crescent-dagger,Moon Deity - Crescent Dagger,weapon,Shadowstrix,Weapon,Holy,Base roll,600,,"peridot2,agate,moonstone"
moon-deity-invocation-catalyst-3071001,moon-deity-invocation-catalyst,Moon Deity - Invocation Catalyst,weapon,Seer,Weapon,Holy,Brotherhood,625,,
moon-deity-invocation-catalyst-3071002,moon-deity-invocation-catalyst,Moon Deity - Invocation Catalyst,weapon,Seer,Weapon,Holy,Spirit Shield,625,,
moon-deity-invocation-catalyst-3071003,moon-deity-invocation-catalyst,Moon Deity - Invocation Catalyst,weapon,Seer,Weapon,Holy,Fervid,625,,
moon-deity-invocation-catalyst-3071004,moon-deity-invocation-catalyst,Moon Deity - Invocation Catalyst,weapon,Seer,Weapon,Holy,Seeker,625,,
moon-deity-invocation-catalyst-3071005,moon-deity-invocation-catalyst,Moon Deity - Invocation Catalyst,weapon,Seer,Weapon,Holy,Ranged,625,,
moon-deity-invocation-catalyst-3071006,moon-deity-invocation-catalyst,Moon Deity - Invocation Catalyst,weapon,Seer,Weapon,Holy,Eloquence,625,,
moon-deity-invocation-catalyst-3071007,moon-deity-invocation-catalyst,Moon Deity - Invocation Catalyst,weapon,Seer,Weapon,Holy,Creation,625,,
moon-deity-invocation-catalyst-3071008,moon-deity-invocation-catalyst,Moon Deity - Invocation Catalyst,weapon,Seer,Weapon,Holy,Base roll,600,,
moon-deity-invocation-catalyst-3071009,moon-deity-invocation-catalyst,Moon Deity - Invocation Catalyst,weapon,Seer,Weapon,Holy,Base roll,600,,
moon-deity-myriad-soul-staff-3070301,moon-deity-myriad-soul-staff,Moon Deity - Myriad Soul Staff,weapon,Sorcerer,Weapon,Holy,Fervor,625,,"agate2,peridot"
moon-deity-myriad-soul-staff-3070302,moon-deity-myriad-soul-staff,Moon Deity - Myriad Soul Staff,weapon,Sorcerer,Weapon,Holy,Fervid,625,,"peridot2,agate"
moon-deity-myriad-soul-staff-3070303,moon-deity-myriad-soul-staff,Moon Deity - Myriad Soul Staff,weapon,Sorcerer,Weapon,Holy,Seeker,625,,"moonstone2,amethyst"
moon-deity-myriad-soul-staff-3070304,moon-deity-myriad-soul-staff,Moon Deity - Myriad Soul Staff,weapon,Sorcerer,Weapon,Holy,Ranged,625,,"amethyst2,moonstone"
moon-deity-myriad-soul-staff-3070305,moon-deity-myriad-soul-staff,Moon Deity - Myriad Soul Staff,weapon,Sorcerer,Weapon,Holy,Eloquence,625,,"moonstone2,peridot"
moon-deity-myriad-soul-staff-3070306,moon-deity-myriad-soul-staff,Moon Deity - Myriad Soul Staff,weapon,Sorcerer,Weapon,Holy,Vitality,625,,"peridot2,amethyst"
moon-deity-myriad-soul-staff-3070307,moon-deity-myriad-soul-staff,Moon Deity - Myriad Soul Staff,weapon,Sorcerer,Weapon,Holy,Swift,625,,"amethyst2,agate"
moon-deity-myriad-soul-staff-3070308,moon-deity-myriad-soul-staff,Moon Deity - Myriad Soul Staff,weapon,Sorcerer,Weapon,Holy,Base roll,600,,"agate2,moonstone,peridot"
moon-deity-myriad-soul-staff-3070309,moon-deity-myriad-soul-staff,Moon Deity - Myriad Soul Staff,weapon,Sorcerer,Weapon,Holy,Base roll,600,,"peridot2,amethyst,moonstone"
moon-deity-souleater-catalyst-3070901,moon-deity-souleater-catalyst,Moon Deity - Souleater Catalyst,weapon,Seer,Weapon,Holy,Brotherhood,625,,
moon-deity-souleater-catalyst-3070902,moon-deity-souleater-catalyst,Moon Deity - Souleater Catalyst,weapon,Seer,Weapon,Holy,Spirit Shield,625,,
moon-deity-souleater-catalyst-3070903,moon-deity-souleater-catalyst,Moon Deity - Souleater Catalyst,weapon,Seer,Weapon,Holy,Fervid,625,,
moon-deity-souleater-catalyst-3070904,moon-deity-souleater-catalyst,Moon Deity - Souleater Catalyst,weapon,Seer,Weapon,Holy,Seeker,625,,
moon-deity-souleater-catalyst-3070905,moon-deity-souleater-catalyst,Moon Deity - Souleater Catalyst,weapon,Seer,Weapon,Holy,Ranged,625,,
moon-deity-souleater-catalyst-3070906,moon-deity-souleater-catalyst,Moon Deity - Souleater Catalyst,weapon,Seer,Weapon,Holy,Eloquence,625,,
moon-deity-souleater-catalyst-3070907,moon-deity-souleater-catalyst,Moon Deity - Souleater Catalyst,weapon,Seer,Weapon,Holy,Creation,625,,
moon-deity-souleater-catalyst-3070908,moon-deity-souleater-catalyst,Moon Deity - Souleater Catalyst,weapon,Seer,Weapon,Holy,Base roll,600,,
moon-deity-souleater-catalyst-3070909,moon-deity-souleater-catalyst,Moon Deity - Souleater Catalyst,weapon,Seer,Weapon,Holy,Base roll,600,,
morningstar-mace-3030801,morningstar-mace,Morningstar Mace,weapon,Seer,Weapon,Rare,Strife,300,0,
morningstar-mace-3030802,morningstar-mace,Morningstar Mace,weapon,Seer,Weapon,Rare,Fervid,300,0,
morningstar-mace-3030803,morningstar-mace,Morningstar Mace,weapon,Seer,Weapon,Rare,Seeker,300,0,
morningstar-mace-3030804,morningstar-mace,Morningstar Mace,weapon,Seer,Weapon,Rare,Fervor,300,0,
morningstar-mace-3030805,morningstar-mace,Morningstar Mace,weapon,Seer,Weapon,Rare,Smiting,300,0,
morningstar-mace-3030806,morningstar-mace,Morningstar Mace,weapon,Seer,Weapon,Rare,Elusive,300,0,
morningstar-mace-3030807,morningstar-mace,Morningstar Mace,weapon,Seer,Weapon,Rare,Blessing,300,0,
morningstar-mace-3030808,morningstar-mace,Morningstar Mace,weapon,Seer,Weapon,Rare,Base roll,275,1,
morningstar-mace-3030809,morningstar-mace,Morningstar Mace,weapon,Seer,Weapon,Rare,Base roll,275,1,
night-vigil-polearm-and-shield-3051001,night-vigil-polearm-and-shield,Night Vigil Polearm and Shield,weapon,Withered Knight,Weapon,Epic,Unyielding,450,1,
night-vigil-polearm-and-shield-3051002,night-vigil-polearm-and-shield,Night Vigil Polearm and Shield,weapon,Withered Knight,Weapon,Epic,Tenacious,450,1,
night-vigil-polearm-and-shield-3051003,night-vigil-polearm-and-shield,Night Vigil Polearm and Shield,weapon,Withered Knight,Weapon,Epic,Bulwark,450,1,
night-vigil-polearm-and-shield-3051004,night-vigil-polearm-and-shield,Night Vigil Polearm and Shield,weapon,Withered Knight,Weapon,Epic,Distant Ward,450,1,
night-vigil-polearm-and-shield-3051005,night-vigil-polearm-and-shield,Night Vigil Polearm and Shield,weapon,Withered Knight,Weapon,Epic,Brotherhood,450,1,
night-vigil-polearm-and-shield-3051006,night-vigil-polearm-and-shield,Night Vigil Polearm and Shield,weapon,Withered Knight,Weapon,Epic,Spirit Shield,450,1,
night-vigil-polearm-and-shield-3051007,night-vigil-polearm-and-shield,Night Vigil Polearm and Shield,weapon,Withered Knight,Weapon,Epic,Fervor,450,1,
night-vigil-polearm-and-shield-3051008,night-vigil-polearm-and-shield,Night Vigil Polearm and Shield,weapon,Withered Knight,Weapon,Epic,Base roll,425,2,
night-vigil-polearm-and-shield-3051009,night-vigil-polearm-and-shield,Night Vigil Polearm and Shield,weapon,Withered Knight,Weapon,Epic,Base roll,425,2,
obsidian-sledgehammer-3050201,obsidian-sledgehammer,Obsidian Sledgehammer,weapon,Mercenary,Weapon,Epic,Strife,450,1,
obsidian-sledgehammer-3050202,obsidian-sledgehammer,Obsidian Sledgehammer,weapon,Mercenary,Weapon,Epic,Elusive,450,1,
obsidian-sledgehammer-3050203,obsidian-sledgehammer,Obsidian Sledgehammer,weapon,Mercenary,Weapon,Epic,Wrath,450,1,
obsidian-sledgehammer-3050204,obsidian-sledgehammer,Obsidian Sledgehammer,weapon,Mercenary,Weapon,Epic,Unyielding,450,1,
obsidian-sledgehammer-3050205,obsidian-sledgehammer,Obsidian Sledgehammer,weapon,Mercenary,Weapon,Epic,Smiting,450,1,
obsidian-sledgehammer-3050206,obsidian-sledgehammer,Obsidian Sledgehammer,weapon,Mercenary,Weapon,Epic,Wealth,450,1,
obsidian-sledgehammer-3050207,obsidian-sledgehammer,Obsidian Sledgehammer,weapon,Mercenary,Weapon,Epic,Focused,450,1,
obsidian-sledgehammer-3050208,obsidian-sledgehammer,Obsidian Sledgehammer,weapon,Mercenary,Weapon,Epic,Base roll,425,2,
obsidian-sledgehammer-3050209,obsidian-sledgehammer,Obsidian Sledgehammer,weapon,Mercenary,Weapon,Epic,Base roll,425,2,
oil-soaked-wooden-bow-3030401,oil-soaked-wooden-bow,Oil-soaked Wooden Bow,weapon,Blackarrow,Weapon,Rare,Sky Piercer,300,0,
oil-soaked-wooden-bow-3030402,oil-soaked-wooden-bow,Oil-soaked Wooden Bow,weapon,Blackarrow,Weapon,Rare,Fervid,300,0,
oil-soaked-wooden-bow-3030403,oil-soaked-wooden-bow,Oil-soaked Wooden Bow,weapon,Blackarrow,Weapon,Rare,Seeker,300,0,
oil-soaked-wooden-bow-3030404,oil-soaked-wooden-bow,Oil-soaked Wooden Bow,weapon,Blackarrow,Weapon,Rare,Ranged,300,0,
oil-soaked-wooden-bow-3030405,oil-soaked-wooden-bow,Oil-soaked Wooden Bow,weapon,Blackarrow,Weapon,Rare,Vitality,300,0,
oil-soaked-wooden-bow-3030406,oil-soaked-wooden-bow,Oil-soaked Wooden Bow,weapon,Blackarrow,Weapon,Rare,Curse,300,0,
oil-soaked-wooden-bow-3030407,oil-soaked-wooden-bow,Oil-soaked Wooden Bow,weapon,Blackarrow,Weapon,Rare,Focused,300,0,
oil-soaked-wooden-bow-3030408,oil-soaked-wooden-bow,Oil-soaked Wooden Bow,weapon,Blackarrow,Weapon,Rare,Base roll,275,1,
oil-soaked-wooden-bow-3030409,oil-soaked-wooden-bow,Oil-soaked Wooden Bow,weapon,Blackarrow,Weapon,Rare,Base roll,275,1,
recruit-sword-and-shield-3020101,recruit-sword-and-shield,Recruit Sword and Shield,weapon,Mercenary,Weapon,Common,Base roll,200,,
rose-proclamation-3061001,rose-proclamation,Rose Proclamation,weapon,Withered Knight,Weapon,Legendary,Unyielding,525,2,
rose-proclamation-3061002,rose-proclamation,Rose Proclamation,weapon,Withered Knight,Weapon,Legendary,Tenacious,525,2,
rose-proclamation-3061003,rose-proclamation,Rose Proclamation,weapon,Withered Knight,Weapon,Legendary,Bulwark,525,2,
rose-proclamation-3061004,rose-proclamation,Rose Proclamation,weapon,Withered Knight,Weapon,Legendary,Distant Ward,525,2,
rose-proclamation-3061005,rose-proclamation,Rose Proclamation,weapon,Withered Knight,Weapon,Legendary,Brotherhood,525,2,
rose-proclamation-3061006,rose-proclamation,Rose Proclamation,weapon,Withered Knight,Weapon,Legendary,Spirit Shield,525,2,
rose-proclamation-3061007,rose-proclamation,Rose Proclamation,weapon,Withered Knight,Weapon,Legendary,Fervor,525,2,
rose-proclamation-3061008,rose-proclamation,Rose Proclamation,weapon,Withered Knight,Weapon,Legendary,Base roll,500,3,
rose-proclamation-3061009,rose-proclamation,Rose Proclamation,weapon,Withered Knight,Weapon,Legendary,Base roll,500,3,
rough-handcrafted-longbow-3010401,rough-handcrafted-longbow,Rough Handcrafted Longbow,weapon,Blackarrow,Weapon,Damaged,Base roll,100,,
rusty-crude-hammer-3010201,rusty-crude-hammer,Rusty Crude Hammer,weapon,Mercenary,Weapon,Damaged,Base roll,100,,
rusty-recruit-sword-and-shield-3010101,rusty-recruit-sword-and-shield,Rusty Recruit Sword and Shield,weapon,Mercenary,Weapon,Damaged,Base roll,100,,
rusty-spiked-mace-3010801,rusty-spiked-mace,Rusty Spiked Mace,weapon,Seer,Weapon,Damaged,Base roll,100,,
rusty-squire-greatsword-3010901,rusty-squire-greatsword,Rusty Squire Greatsword,weapon,Withered Knight,Weapon,Damaged,Base roll,100,,
rusty-squire-polearm-and-shield-3011001,rusty-squire-polearm-and-shield,Rusty Squire Polearm and Shield,weapon,Withered Knight,Weapon,Damaged,Base roll,100,,
rusty-wooden-handled-dual-blades-3010601,rusty-wooden-handled-dual-blades,Rusty Wooden-Handled Dual Blades,weapon,Shadowstrix,Weapon,Damaged,Base roll,100,,
sacred-heart-greatsword-3050901,sacred-heart-greatsword,Sacred Heart Greatsword,weapon,Withered Knight,Weapon,Epic,Stoic,450,1,
sacred-heart-greatsword-3050902,sacred-heart-greatsword,Sacred Heart Greatsword,weapon,Withered Knight,Weapon,Epic,Wrath,450,1,
sacred-heart-greatsword-3050903,sacred-heart-greatsword,Sacred Heart Greatsword,weapon,Withered Knight,Weapon,Epic,Fervid,450,1,
sacred-heart-greatsword-3050904,sacred-heart-greatsword,Sacred Heart Greatsword,weapon,Withered Knight,Weapon,Epic,Smiting,450,1,
sacred-heart-greatsword-3050905,sacred-heart-greatsword,Sacred Heart Greatsword,weapon,Withered Knight,Weapon,Epic,Vitality,450,1,
sacred-heart-greatsword-3050906,sacred-heart-greatsword,Sacred Heart Greatsword,weapon,Withered Knight,Weapon,Epic,Curse,450,1,
sacred-heart-greatsword-3050907,sacred-heart-greatsword,Sacred Heart Greatsword,weapon,Withered Knight,Weapon,Epic,Strife,450,1,
sacred-heart-greatsword-3050908,sacred-heart-greatsword,Sacred Heart Greatsword,weapon,Withered Knight,Weapon,Epic,Base roll,425,2,
sacred-heart-greatsword-3050909,sacred-heart-greatsword,Sacred Heart Greatsword,weapon,Withered Knight,Weapon,Epic,Base roll,425,2,
serpents-whisper-3060501,serpents-whisper,Serpent's Whisper,weapon,Shadowstrix,Weapon,Legendary,Fervid,525,2,"moonstone2,agate"
serpents-whisper-3060502,serpents-whisper,Serpent's Whisper,weapon,Shadowstrix,Weapon,Legendary,Seeker,525,2,"amethyst2,peridot"
serpents-whisper-3060503,serpents-whisper,Serpent's Whisper,weapon,Shadowstrix,Weapon,Legendary,Fervor,525,2,"peridot2,moonstone"
serpents-whisper-3060504,serpents-whisper,Serpent's Whisper,weapon,Shadowstrix,Weapon,Legendary,Smiting,525,2,"agate2,amethyst"
serpents-whisper-3060505,serpents-whisper,Serpent's Whisper,weapon,Shadowstrix,Weapon,Legendary,Vitality,525,2,"amethyst2,moonstone"
serpents-whisper-3060506,serpents-whisper,Serpent's Whisper,weapon,Shadowstrix,Weapon,Legendary,Deft,525,2,"moonstone2,peridot"
serpents-whisper-3060507,serpents-whisper,Serpent's Whisper,weapon,Shadowstrix,Weapon,Legendary,Blessing,525,2,"peridot2,amethyst"
serpents-whisper-3060508,serpents-whisper,Serpent's Whisper,weapon,Shadowstrix,Weapon,Legendary,Base roll,500,3,"agate2,amethyst,moonstone"
serpents-whisper-3060509,serpents-whisper,Serpent's Whisper,weapon,Shadowstrix,Weapon,Legendary,Base roll,500,3,"peridot2,amethyst,moonstone"
skullcrusher-3060201,skullcrusher,Skullcrusher,weapon,Mercenary,Weapon,Legendary,Strife,525,2,
skullcrusher-3060202,skullcrusher,Skullcrusher,weapon,Mercenary,Weapon,Legendary,Elusive,525,2,
skullcrusher-3060203,skullcrusher,Skullcrusher,weapon,Mercenary,Weapon,Legendary,Wrath,525,2,
skullcrusher-3060204,skullcrusher,Skullcrusher,weapon,Mercenary,Weapon,Legendary,Unyielding,525,2,
skullcrusher-3060205,skullcrusher,Skullcrusher,weapon,Mercenary,Weapon,Legendary,Smiting,525,2,
skullcrusher-3060206,skullcrusher,Skullcrusher,weapon,Mercenary,Weapon,Legendary,Wealth,525,2,
skullcrusher-3060207,skullcrusher,Skullcrusher,weapon,Mercenary,Weapon,Legendary,Focused,525,2,
skullcrusher-3060208,skullcrusher,Skullcrusher,weapon,Mercenary,Weapon,Legendary,Base roll,500,3,
skullcrusher-3060209,skullcrusher,Skullcrusher,weapon,Mercenary,Weapon,Legendary,Base roll,500,3,
spiked-mace-3020801,spiked-mace,Spiked Mace,weapon,Seer,Weapon,Common,Base roll,200,,
spirit-feline-dual-blades-3030601,spirit-feline-dual-blades,Spirit Feline Dual Blades,weapon,Shadowstrix,Weapon,Rare,Wrath,300,0,
spirit-feline-dual-blades-3030602,spirit-feline-dual-blades,Spirit Feline Dual Blades,weapon,Shadowstrix,Weapon,Rare,Seeker,300,0,
spirit-feline-dual-blades-3030603,spirit-feline-dual-blades,Spirit Feline Dual Blades,weapon,Shadowstrix,Weapon,Rare,Fervor,300,0,
spirit-feline-dual-blades-3030604,spirit-feline-dual-blades,Spirit Feline Dual Blades,weapon,Shadowstrix,Weapon,Rare,Smiting,300,0,
spirit-feline-dual-blades-3030605,spirit-feline-dual-blades,Spirit Feline Dual Blades,weapon,Shadowstrix,Weapon,Rare,Vitality,300,0,
spirit-feline-dual-blades-3030606,spirit-feline-dual-blades,Spirit Feline Dual Blades,weapon,Shadowstrix,Weapon,Rare,Elusive,300,0,
spirit-feline-dual-blades-3030607,spirit-feline-dual-blades,Spirit Feline Dual Blades,weapon,Shadowstrix,Weapon,Rare,Curse,300,0,
spirit-feline-dual-blades-3030608,spirit-feline-dual-blades,Spirit Feline Dual Blades,weapon,Shadowstrix,Weapon,Rare,Base roll,275,1,
spirit-feline-dual-blades-3030609,spirit-feline-dual-blades,Spirit Feline Dual Blades,weapon,Shadowstrix,Weapon,Rare,Base roll,275,1,
spiritwood-drumstick-3050801,spiritwood-drumstick,Spiritwood Drumstick,weapon,Seer,Weapon,Epic,Strife,450,1,
spiritwood-drumstick-3050802,spiritwood-drumstick,Spiritwood Drumstick,weapon,Seer,Weapon,Epic,Fervid,450,1,
spiritwood-drumstick-3050803,spiritwood-drumstick,Spiritwood Drumstick,weapon,Seer,Weapon,Epic,Seeker,450,1,
spiritwood-drumstick-3050804,spiritwood-drumstick,Spiritwood Drumstick,weapon,Seer,Weapon,Epic,Fervor,450,1,
spiritwood-drumstick-3050805,spiritwood-drumstick,Spiritwood Drumstick,weapon,Seer,Weapon,Epic,Smiting,450,1,
spiritwood-drumstick-3050806,spiritwood-drumstick,Spiritwood Drumstick,weapon,Seer,Weapon,Epic,Elusive,450,1,
spiritwood-drumstick-3050807,spiritwood-drumstick,Spiritwood Drumstick,weapon,Seer,Weapon,Epic,Blessing,450,1,
spiritwood-drumstick-3050808,spiritwood-drumstick,Spiritwood Drumstick,weapon,Seer,Weapon,Epic,Base roll,425,2,
spiritwood-drumstick-3050809,spiritwood-drumstick,Spiritwood Drumstick,weapon,Seer,Weapon,Epic,Base roll,425,2,
squire-greatsword-3020901,squire-greatsword,Squire Greatsword,weapon,Withered Knight,Weapon,Common,Base roll,200,,
squire-polearm-and-shield-3021001,squire-polearm-and-shield,Squire Polearm and Shield,weapon,Withered Knight,Weapon,Common,Base roll,200,,
studded-sword-and-shield-3040101,studded-sword-and-shield,Studded Sword and Shield,weapon,Mercenary,Weapon,Excellent,Aegis,375,1,
studded-sword-and-shield-3040102,studded-sword-and-shield,Studded Sword and Shield,weapon,Mercenary,Weapon,Excellent,Tenacious,375,1,
studded-sword-and-shield-3040103,studded-sword-and-shield,Studded Sword and Shield,weapon,Mercenary,Weapon,Excellent,Bulwark,375,1,
studded-sword-and-shield-3040104,studded-sword-and-shield,Studded Sword and Shield,weapon,Mercenary,Weapon,Excellent,Stoic,375,1,
studded-sword-and-shield-3040105,studded-sword-and-shield,Studded Sword and Shield,weapon,Mercenary,Weapon,Excellent,Strife,375,1,
studded-sword-and-shield-3040106,studded-sword-and-shield,Studded Sword and Shield,weapon,Mercenary,Weapon,Excellent,Wrath,375,1,
studded-sword-and-shield-3040107,studded-sword-and-shield,Studded Sword and Shield,weapon,Mercenary,Weapon,Excellent,Vitality,375,1,
studded-sword-and-shield-3040108,studded-sword-and-shield,Studded Sword and Shield,weapon,Mercenary,Weapon,Excellent,Base roll,350,2,
studded-sword-and-shield-3040109,studded-sword-and-shield,Studded Sword and Shield,weapon,Mercenary,Weapon,Excellent,Base roll,350,2,
thorn-polearm-and-shield-3041001,thorn-polearm-and-shield,Thorn Polearm and Shield,weapon,Withered Knight,Weapon,Excellent,Unyielding,375,1,
thorn-polearm-and-shield-3041002,thorn-polearm-and-shield,Thorn Polearm and Shield,weapon,Withered Knight,Weapon,Excellent,Tenacious,375,1,
thorn-polearm-and-shield-3041003,thorn-polearm-and-shield,Thorn Polearm and Shield,weapon,Withered Knight,Weapon,Excellent,Bulwark,375,1,
thorn-polearm-and-shield-3041004,thorn-polearm-and-shield,Thorn Polearm and Shield,weapon,Withered Knight,Weapon,Excellent,Distant Ward,375,1,
thorn-polearm-and-shield-3041005,thorn-polearm-and-shield,Thorn Polearm and Shield,weapon,Withered Knight,Weapon,Excellent,Brotherhood,375,1,
thorn-polearm-and-shield-3041006,thorn-polearm-and-shield,Thorn Polearm and Shield,weapon,Withered Knight,Weapon,Excellent,Spirit Shield,375,1,
thorn-polearm-and-shield-3041007,thorn-polearm-and-shield,Thorn Polearm and Shield,weapon,Withered Knight,Weapon,Excellent,Fervor,375,1,
thorn-polearm-and-shield-3041008,thorn-polearm-and-shield,Thorn Polearm and Shield,weapon,Withered Knight,Weapon,Excellent,Base roll,350,2,
thorn-polearm-and-shield-3041009,thorn-polearm-and-shield,Thorn Polearm and Shield,weapon,Withered Knight,Weapon,Excellent,Base roll,350,2,
true-intent-catalyst-3050701,true-intent-catalyst,True Intent Catalyst,weapon,Seer,Weapon,Epic,Brotherhood,450,1,
true-intent-catalyst-3050702,true-intent-catalyst,True Intent Catalyst,weapon,Seer,Weapon,Epic,Spirit Shield,450,1,
true-intent-catalyst-3050703,true-intent-catalyst,True Intent Catalyst,weapon,Seer,Weapon,Epic,Fervid,450,1,
true-intent-catalyst-3050704,true-intent-catalyst,True Intent Catalyst,weapon,Seer,Weapon,Epic,Seeker,450,1,
true-intent-catalyst-3050705,true-intent-catalyst,True Intent Catalyst,weapon,Seer,Weapon,Epic,Ranged,450,1,
true-intent-catalyst-3050706,true-intent-catalyst,True Intent Catalyst,weapon,Seer,Weapon,Epic,Eloquence,450,1,
true-intent-catalyst-3050707,true-intent-catalyst,True Intent Catalyst,weapon,Seer,Weapon,Epic,Creation,450,1,
true-intent-catalyst-3050708,true-intent-catalyst,True Intent Catalyst,weapon,Seer,Weapon,Epic,Base roll,425,2,
true-intent-catalyst-3050709,true-intent-catalyst,True Intent Catalyst,weapon,Seer,Weapon,Epic,Base roll,425,2,
twilight-knot-catalyst-3010701,twilight-knot-catalyst,Twilight Knot Catalyst,weapon,Seer,Weapon,Damaged,Base roll,100,,
veil-dual-blades-3040601,veil-dual-blades,Veil Dual Blades,weapon,Shadowstrix,Weapon,Excellent,Wrath,375,1,amethyst
veil-dual-blades-3040602,veil-dual-blades,Veil Dual Blades,weapon,Shadowstrix,Weapon,Excellent,Seeker,375,1,amethyst
veil-dual-blades-3040603,veil-dual-blades,Veil Dual Blades,weapon,Shadowstrix,Weapon,Excellent,Fervor,375,1,agate
veil-dual-blades-3040604,veil-dual-blades,Veil Dual Blades,weapon,Shadowstrix,Weapon,Excellent,Smiting,375,1,moonstone
veil-dual-blades-3040605,veil-dual-blades,Veil Dual Blades,weapon,Shadowstrix,Weapon,Excellent,Vitality,375,1,peridot
veil-dual-blades-3040606,veil-dual-blades,Veil Dual Blades,weapon,Shadowstrix,Weapon,Excellent,Elusive,375,1,amethyst
veil-dual-blades-3040607,veil-dual-blades,Veil Dual Blades,weapon,Shadowstrix,Weapon,Excellent,Curse,375,1,moonstone
veil-dual-blades-3040608,veil-dual-blades,Veil Dual Blades,weapon,Shadowstrix,Weapon,Excellent,Base roll,350,2,"agate,peridot"
veil-dual-blades-3040609,veil-dual-blades,Veil Dual Blades,weapon,Shadowstrix,Weapon,Excellent,Base roll,350,2,"amethyst,moonstone"
venomfang-dagger-3040501,venomfang-dagger,Venomfang Dagger,weapon,Shadowstrix,Weapon,Excellent,Fervid,375,1,peridot
venomfang-dagger-3040502,venomfang-dagger,Venomfang Dagger,weapon,Shadowstrix,Weapon,Excellent,Seeker,375,1,moonstone
venomfang-dagger-3040503,venomfang-dagger,Venomfang Dagger,weapon,Shadowstrix,Weapon,Excellent,Fervor,375,1,amethyst
venomfang-dagger-3040504,venomfang-dagger,Venomfang Dagger,weapon,Shadowstrix,Weapon,Excellent,Smiting,375,1,agate
venomfang-dagger-3040505,venomfang-dagger,Venomfang Dagger,weapon,Shadowstrix,Weapon,Excellent,Vitality,375,1,peridot
venomfang-dagger-3040506,venomfang-dagger,Venomfang Dagger,weapon,Shadowstrix,Weapon,Excellent,Deft,375,1,agate
venomfang-dagger-3040507,venomfang-dagger,Venomfang Dagger,weapon,Shadowstrix,Weapon,Excellent,Blessing,375,1,amethyst
venomfang-dagger-3040508,venomfang-dagger,Venomfang Dagger,weapon,Shadowstrix,Weapon,Excellent,Base roll,350,2,"agate,moonstone"
venomfang-dagger-3040509,venomfang-dagger,Venomfang Dagger,weapon,Shadowstrix,Weapon,Excellent,Base roll,350,2,"moonstone,peridot"
venomfang-3060601,venomfang,Venomfang,weapon,Shadowstrix,Weapon,Legendary,Wrath,525,2,"moonstone2,agate"
venomfang-3060602,venomfang,Venomfang,weapon,Shadowstrix,Weapon,Legendary,Seeker,525,2,"amethyst2,peridot"
venomfang-3060603,venomfang,Venomfang,weapon,Shadowstrix,Weapon,Legendary,Fervor,525,2,"agate2,peridot"
venomfang-3060604,venomfang,Venomfang,weapon,Shadowstrix,Weapon,Legendary,Smiting,525,2,"peridot2,agate"
venomfang-3060605,venomfang,Venomfang,weapon,Shadowstrix,Weapon,Legendary,Vitality,525,2,"moonstone2,amethyst"
venomfang-3060606,venomfang,Venomfang,weapon,Shadowstrix,Weapon,Legendary,Elusive,525,2,"agate2,amethyst"
venomfang-3060607,venomfang,Venomfang,weapon,Shadowstrix,Weapon,Legendary,Curse,525,2,"amethyst2,peridot"
venomfang-3060608,venomfang,Venomfang,weapon,Shadowstrix,Weapon,Legendary,Base roll,500,3,"amethyst2,agate,moonstone"
venomfang-3060609,venomfang,Venomfang,weapon,Shadowstrix,Weapon,Legendary,Base roll,500,3,"agate2,moonstone,peridot"
wooden-handled-dual-blades-3020601,wooden-handled-dual-blades,Wooden-Handled Dual Blades,weapon,Shadowstrix,Weapon,Common,Base roll,200,,
worn-carved-dagger-3010501,worn-carved-dagger,Worn Carved Dagger,weapon,Shadowstrix,Weapon,Damaged,Base roll,100,,
wulfen-einherjar-blade-of-inquisition-3071201,wulfen-einherjar-blade-of-inquisition,Wulfen Einherjar - Blade of Inquisition,weapon,Withered Knight,Weapon,Holy,Stoic,625,,
wulfen-einherjar-blade-of-inquisition-3071202,wulfen-einherjar-blade-of-inquisition,Wulfen Einherjar - Blade of Inquisition,weapon,Withered Knight,Weapon,Holy,Wrath,625,,
wulfen-einherjar-blade-of-inquisition-3071203,wulfen-einherjar-blade-of-inquisition,Wulfen Einherjar - Blade of Inquisition,weapon,Withered Knight,Weapon,Holy,Fervid,625,,
wulfen-einherjar-blade-of-inquisition-3071204,wulfen-einherjar-blade-of-inquisition,Wulfen Einherjar - Blade of Inquisition,weapon,Withered Knight,Weapon,Holy,Smiting,625,,
wulfen-einherjar-blade-of-inquisition-3071205,wulfen-einherjar-blade-of-inquisition,Wulfen Einherjar - Blade of Inquisition,weapon,Withered Knight,Weapon,Holy,Vitality,625,,
wulfen-einherjar-blade-of-inquisition-3071206,wulfen-einherjar-blade-of-inquisition,Wulfen Einherjar - Blade of Inquisition,weapon,Withered Knight,Weapon,Holy,Curse,625,,
wulfen-einherjar-blade-of-inquisition-3071207,wulfen-einherjar-blade-of-inquisition,Wulfen Einherjar - Blade of Inquisition,weapon,Withered Knight,Weapon,Holy,Strife,625,,
wulfen-einherjar-blade-of-inquisition-3071208,wulfen-einherjar-blade-of-inquisition,Wulfen Einherjar - Blade of Inquisition,weapon,Withered Knight,Weapon,Holy,Base roll,600,,
wulfen-einherjar-blade-of-inquisition-3071209,wulfen-einherjar-blade-of-inquisition,Wulfen Einherjar - Blade of Inquisition,weapon,Withered Knight,Weapon,Holy,Base roll,600,,
wulfen-einherjar-oathkeeper-3070101,wulfen-einherjar-oathkeeper,Wulfen Einherjar - Oathkeeper,weapon,Mercenary,Weapon,Holy,Aegis,625,,
wulfen-einherjar-oathkeeper-3070102,wulfen-einherjar-oathkeeper,Wulfen Einherjar - Oathkeeper,weapon,Mercenary,Weapon,Holy,Tenacious,625,,
wulfen-einherjar-oathkeeper-3070103,wulfen-einherjar-oathkeeper,Wulfen Einherjar - Oathkeeper,weapon,Mercenary,Weapon,Holy,Bulwark,625,,
wulfen-einherjar-oathkeeper-3070104,wulfen-einherjar-oathkeeper,Wulfen Einherjar - Oathkeeper,weapon,Mercenary,Weapon,Holy,Stoic,625,,
wulfen-einherjar-oathkeeper-3070105,wulfen-einherjar-oathkeeper,Wulfen Einherjar - Oathkeeper,weapon,Mercenary,Weapon,Holy,Strife,625,,
wulfen-einherjar-oathkeeper-3070106,wulfen-einherjar-oathkeeper,Wulfen Einherjar - Oathkeeper,weapon,Mercenary,Weapon,Holy,Wrath,625,,
wulfen-einherjar-oathkeeper-3070107,wulfen-einherjar-oathkeeper,Wulfen Einherjar - Oathkeeper,weapon,Mercenary,Weapon,Holy,Vitality,625,,
wulfen-einherjar-oathkeeper-3070108,wulfen-einherjar-oathkeeper,Wulfen Einherjar - Oathkeeper,weapon,Mercenary,Weapon,Holy,Base roll,600,,
wulfen-einherjar-oathkeeper-3070109,wulfen-einherjar-oathkeeper,Wulfen Einherjar - Oathkeeper,weapon,Mercenary,Weapon,Holy,Base roll,600,,
wulfen-einherjar-splitclaw-3070801,wulfen-einherjar-splitclaw,Wulfen Einherjar - Splitclaw,weapon,Shadowstrix,Weapon,Holy,Wrath,625,,"moonstone2,agate"
wulfen-einherjar-splitclaw-3070802,wulfen-einherjar-splitclaw,Wulfen Einherjar - Splitclaw,weapon,Shadowstrix,Weapon,Holy,Seeker,625,,"amethyst2,peridot"
wulfen-einherjar-splitclaw-3070803,wulfen-einherjar-splitclaw,Wulfen Einherjar - Splitclaw,weapon,Shadowstrix,Weapon,Holy,Fervor,625,,"agate2,peridot"
wulfen-einherjar-splitclaw-3070804,wulfen-einherjar-splitclaw,Wulfen Einherjar - Splitclaw,weapon,Shadowstrix,Weapon,Holy,Smiting,625,,"peridot2,agate"
wulfen-einherjar-splitclaw-3070805,wulfen-einherjar-splitclaw,Wulfen Einherjar - Splitclaw,weapon,Shadowstrix,Weapon,Holy,Vitality,625,,"moonstone2,amethyst"
wulfen-einherjar-splitclaw-3070806,wulfen-einherjar-splitclaw,Wulfen Einherjar - Splitclaw,weapon,Shadowstrix,Weapon,Holy,Elusive,625,,"agate2,amethyst"
wulfen-einherjar-splitclaw-3070807,wulfen-einherjar-splitclaw,Wulfen Einherjar - Splitclaw,weapon,Shadowstrix,Weapon,Holy,Curse,625,,"amethyst2,peridot"
wulfen-einherjar-splitclaw-3070808,wulfen-einherjar-splitclaw,Wulfen Einherjar - Splitclaw,weapon,Shadowstrix,Weapon,Holy,Base roll,600,,"amethyst2,agate,moonstone"
wulfen-einherjar-splitclaw-3070809,wulfen-einherjar-splitclaw,Wulfen Einherjar - Splitclaw,weapon,Shadowstrix,Weapon,Holy,Base roll,600,,"agate2,moonstone,peridot"
wulfen-einherjar-warcry-spike-3071101,wulfen-einherjar-warcry-spike,Wulfen Einherjar - Warcry Spike,weapon,Seer,Weapon,Holy,Strife,625,,
wulfen-einherjar-warcry-spike-3071102,wulfen-einherjar-warcry-spike,Wulfen Einherjar - Warcry Spike,weapon,Seer,Weapon,Holy,Fervid,625,,
wulfen-einherjar-warcry-spike-3071103,wulfen-einherjar-warcry-spike,Wulfen Einherjar - Warcry Spike,weapon,Seer,Weapon,Holy,Seeker,625,,
wulfen-einherjar-warcry-spike-3071104,wulfen-einherjar-warcry-spike,Wulfen Einherjar - Warcry Spike,weapon,Seer,Weapon,Holy,Fervor,625,,
wulfen-einherjar-warcry-spike-3071105,wulfen-einherjar-warcry-spike,Wulfen Einherjar - Warcry Spike,weapon,Seer,Weapon,Holy,Smiting,625,,
wulfen-einherjar-warcry-spike-3071106,wulfen-einherjar-warcry-spike,Wulfen Einherjar - Warcry Spike,weapon,Seer,Weapon,Holy,Elusive,625,,
wulfen-einherjar-warcry-spike-3071107,wulfen-einherjar-warcry-spike,Wulfen Einherjar - Warcry Spike,weapon,Seer,Weapon,Holy,Blessing,625,,
wulfen-einherjar-warcry-spike-3071108,wulfen-einherjar-warcry-spike,Wulfen Einherjar - Warcry Spike,weapon,Seer,Weapon,Holy,Base roll,600,,
wulfen-einherjar-warcry-spike-3071109,wulfen-einherjar-warcry-spike,Wulfen Einherjar - Warcry Spike,weapon,Seer,Weapon,Holy,Base roll,600,,
yew-longbow-3040401,yew-longbow,Yew Longbow,weapon,Blackarrow,Weapon,Excellent,Sky Piercer,375,1,
yew-longbow-3040402,yew-longbow,Yew Longbow,weapon,Blackarrow,Weapon,Excellent,Fervid,375,1,
yew-longbow-3040403,yew-longbow,Yew Longbow,weapon,Blackarrow,Weapon,Excellent,Seeker,375,1,
yew-longbow-3040404,yew-longbow,Yew Longbow,weapon,Blackarrow,Weapon,Excellent,Ranged,375,1,
yew-longbow-3040405,yew-longbow,Yew Longbow,weapon,Blackarrow,Weapon,Excellent,Vitality,375,1,
yew-longbow-3040406,yew-longbow,Yew Longbow,weapon,Blackarrow,Weapon,Excellent,Curse,375,1,
yew-longbow-3040407,yew-longbow,Yew Longbow,weapon,Blackarrow,Weapon,Excellent,Focused,375,1,
yew-longbow-3040408,yew-longbow,Yew Longbow,weapon,Blackarrow,Weapon,Excellent,Base roll,350,2,
yew-longbow-3040409,yew-longbow,Yew Longbow,weapon,Blackarrow,Weapon,Excellent,Base roll,350,2,
